Sammelbezeichnung,Typ,ab km,preisbildender Tarifpunkt,IBNR,gleichgestellter Tarifpunkt,IBNR
Aachen,CITY,101,Aachen Hbf,1,Aachen Hbf,1
Aachen,CITY,101,Aachen Hbf,1,Aachen-Rothe Erde,406
Aachen,CITY,101,Aachen Hbf,1,Aachen Schanz,405
Aachen,CITY,101,Aachen Hbf,1,Aachen West,404
Aachen,CITY,101,Aachen Hbf,1,Eilendorf,1712
Aachen,TARIF,31,Aachen Hbf,1,Aachen Hbf,1
Aachen,TARIF,31,Aachen Hbf,1,Aachen-Rothe Erde,406
Aachen,TARIF,31,Aachen Hbf,1,Aachen Schanz,405
Aachen,TARIF,31,Aachen Hbf,1,Aachen West,404
Aalen,CITY,101,Aalen Hbf,2,Aalen Hbf,2
Aalen,CITY,101,Aalen Hbf,2,Goldshöfe,380
Aalen,CITY,101,Aalen Hbf,2,Hofen(b Aalen),2930
Aalen,CITY,101,Aalen Hbf,2,Unterkochen,5997
Aalen,CITY,101,Aalen Hbf,2,Wasseralfingen,6217
Ahrweiler,TARIF,1,Ahrweiler,448,Ahrweiler,448
Ahrweiler,TARIF,1,Ahrweiler,448,Ahrweiler Markt,449
Alzenau,TARIF,51,Alzenau(Unterfr),531,Alzenau(Unterfr),531
Alzenau,TARIF,51,Alzenau(Unterfr),531,Alzenau Burg,535
Alzenau,TARIF,51,Alzenau(Unterfr),531,Alzenau Nord,529
Alzenau,TARIF,51,Alzenau(Unterfr),531,Kälberau,3139
Alzenau,TARIF,51,Alzenau(Unterfr),531,Michelbach(Unterfr),4015
Annaberg-Buchholz,TARIF,71,Annaberg-Buchh u Bf,11047,Annaberg-Buchholz M,11045
Annaberg-Buchholz,TARIF,71,Annaberg-Buchh u Bf,11047,Annaberg-Buchholz S,10005
Annaberg-Buchholz,TARIF,71,Annaberg-Buchh u Bf,11047,Annaberg-Buchh u Bf,11047
Annweiler,TARIF,51,Annweiler am Trifels,582,Annweiler am Trifels,582
Annweiler,TARIF,51,Annweiler am Trifels,582,Annweiler-Sarnstall,5257
Arnstadt,TARIF,31,Arnstadt Hbf,10007,Arnstadt Hbf,10007
Arnstadt,TARIF,31,Arnstadt Hbf,10007,Arnstadt Süd,11055
Aschaffenburg,CITY,101,Aschaffenburg Hbf,10,Aschaffenburg Hbf,10
Aschaffenburg,CITY,101,Aschaffenburg Hbf,10,Aschaffenburg Hochs.,618
Aschaffenburg,CITY,101,Aschaffenburg Hbf,10,Aschaffenburg Süd,619
Aschaffenburg,TARIF,51,Aschaffenburg Hbf,10,Aschaffenburg Hbf,10
Aschaffenburg,TARIF,51,Aschaffenburg Hbf,10,Aschaffenburg Hochs.,618
Aschaffenburg,TARIF,51,Aschaffenburg Hbf,10,Aschaffenburg Süd,619
Aschaffenburg,TARIF,51,Aschaffenburg Hbf,10,Obernau,4558
Augsburg,CITY,101,Augsburg Hbf,13,Augsburg Haunstett.,658
Augsburg,CITY,101,Augsburg Hbf,13,Augsburg Hbf,13
Augsburg,CITY,101,Augsburg Hbf,13,Augsburg-Hochzoll,661
Augsburg,CITY,101,Augsburg Hbf,13,Augsburg Messe,659
Augsburg,CITY,101,Augsburg Hbf,13,Augsburg Morellstr.,660
Augsburg,CITY,101,Augsburg Hbf,13,Augsburg-Oberhausen,662
Augsburg,CITY,101,Augsburg Hbf,13,Friedberg(Augsburg),2099
Augsburg,CITY,101,Augsburg Hbf,13,Gersthofen,2256
Augsburg,CITY,101,Augsburg Hbf,13,Inningen,3079
Augsburg,CITY,101,Augsburg Hbf,13,Neusäß,4318
Augsburg,CITY,101,Augsburg Hbf,13,Westheim(Schwab),6378
Augsburg,TARIF,71,Augsburg Hbf,13,Augsburg Haunstett.,658
Augsburg,TARIF,71,Augsburg Hbf,13,Augsburg Hbf,13
Augsburg,TARIF,71,Augsburg Hbf,13,Augsburg-Hochzoll,661
Augsburg,TARIF,71,Augsburg Hbf,13,Augsburg Messe,659
Augsburg,TARIF,71,Augsburg Hbf,13,Augsburg Morellstr.,660
Augsburg,TARIF,71,Augsburg Hbf,13,Augsburg-Oberhausen,662
Bad Brückenau,TARIF,71,Bad Brückenau Stbad,1210,Bad Brückenau,1211
Bad Brückenau,TARIF,71,Bad Brückenau Stbad,1210,Bad Brückenau Stbad,1210
Baden-Baden,CITY,101,Baden-Baden,774,Baden-Baden,774
Baden-Baden,CITY,101,Baden-Baden,774,Baden-Baden Haueneb,771
Baden-Baden,CITY,101,Baden-Baden,774,Baden-Baden Rebland,775
Baden-Baden,CITY,101,Baden-Baden,774,Sinzheim,5587
Baden-Baden,CITY,101,Baden-Baden,774,Sinzheim Nord,5588
Bad Homburg,CITY,101,Bad Homburg,712,Bad Homburg,712
Bad Mergentheim,TARIF,51,Bad Mergentheim,724,Bad Mergentheim,724
Bad Mergentheim,TARIF,51,Bad Mergentheim,724,Edelfingen,1660
Bad Mergentheim,TARIF,51,Bad Mergentheim,724,Igersheim,3045
Bad Mergentheim,TARIF,51,Bad Mergentheim,724,Markelsheim,3873
Bad Urach,TARIF,1,Bad Urach,6029,Bad Urach,6029
Bad Urach,TARIF,1,Bad Urach,6029,Bad Urach Eklinik,6027
Bad Urach,TARIF,1,Bad Urach,6029,Bad Urach Wasserfall,6028
Bad Wildbad,TARIF,1,Bad Wildbad Bf,6431,Bad Wildbad Bf,6431
Bad Wildbad,TARIF,1,Bad Wildbad Bf,6431,Bad Wildbad Kurpark,6435
Bad Wildbad,TARIF,1,Bad Wildbad Bf,6431,Bad Wildbad Nord,6434
Bad Wildbad,TARIF,1,Bad Wildbad Bf,6431,Bad Wildbad Uhlandpl,6439
Bamberg,CITY,101,Bamberg,25,Bamberg,25
Bayreuth,CITY,101,Bayreuth Hbf,28,Bayreuth Hbf,28
Bayreuth,CITY,101,Bayreuth Hbf,28,Bayreuth-St Georgen,833
Bayreuth,CITY,101,Bayreuth Hbf,28,Friedrichsthal(Bayr),2118
Bayreuth,CITY,101,Bayreuth Hbf,28,Laineck,3495
Bellheim,TARIF,1,Bellheim Bf,863,Bellheim Bf,863
Bellheim,TARIF,1,Bellheim Bf,863,Bellheim Mühlbuckel,861
Bergisch Gladb.,CITY,101,Bergisch Gladbach,899,Bergisch Gladbach,899
Bergisch Gladb.,CITY,101,Bergisch Gladbach,899,Duckterath,1566
Berlin,CITY,101,Berlin Friedrichstr,10038,Ahrensfelde,11003
Berlin,CITY,101,Berlin Friedrichstr,10038,Albrechtshof,11008
Berlin,CITY,101,Berlin Friedrichstr,10038,Berlin-Adlershof,11227
Berlin,CITY,101,Berlin Friedrichstr,10038,Berlin Alexanderpl.,11155
Berlin,CITY,101,Berlin Friedrichstr,10038,Berlin-Altglienicke,11229
Berlin,CITY,101,Berlin Friedrichstr,10038,Berlin Alt-Reinick.,11437
Berlin,CITY,101,Berlin Friedrichstr,10038,Berlin Anhalter Bf,11128
Berlin,CITY,101,Berlin Friedrichstr,10038,Berlin Attilastraße,11233
Berlin,CITY,101,Berlin Friedrichstr,10038,Berlin Baumschulenw,11120
Berlin,CITY,101,Berlin Friedrichstr,10038,Berlin Bbf Rummelsbg,11235
Berlin,CITY,101,Berlin Friedrichstr,10038,Berlin Bellevue,11157
Berlin,CITY,101,Berlin Friedrichstr,10038,Berlin Beusselstr.,11129
Berlin,CITY,101,Berlin Friedrichstr,10038,Berlin-Biesdorf,11237
Berlin,CITY,101,Berlin Friedrichstr,10038,Berlin-Blankenburg,11124
Berlin,CITY,101,Berlin Friedrichstr,10038,Berlin Bornholm.Str,11239
Berlin,CITY,101,Berlin Friedrichstr,10038,Berlin Botanischer G,11240
Berlin,CITY,101,Berlin Friedrichstr,10038,Berlin Brandenbg.Tor,11193
Berlin,CITY,101,Berlin Friedrichstr,10038,Berlin-Buch,11241
Berlin,CITY,101,Berlin Friedrichstr,10038,Berlin Buckower Ch.,11243
Berlin,CITY,101,Berlin Friedrichstr,10038,Berlin Bundesplatz,11130
Berlin,CITY,101,Berlin Friedrichstr,10038,Berlin-Charlottenbg.,10403
Berlin,CITY,101,Berlin Friedrichstr,10038,Berlin Eichborndamm,11244
Berlin,CITY,101,Berlin Friedrichstr,10038,Berlin Feuerbachstr.,11249
Berlin,CITY,101,Berlin Friedrichstr,10038,Berlin Frankfurter A,11134
Berlin,CITY,101,Berlin Friedrichstr,10038,Berlin-Friedenau,11259
Berlin,CITY,101,Berlin Friedrichstr,10038,Berlin-Friedrfel.Ost,11262
Berlin,CITY,101,Berlin Friedrichstr,10038,Berlin-Friedrichshg.,11266
Berlin,CITY,101,Berlin Friedrichstr,10038,Berlin Friedrichstr,10038
Berlin,CITY,101,Berlin Friedrichstr,10038,Berlin-Frohnau,11268
Berlin,CITY,101,Berlin Friedrichstr,10038,Berlin Gehrenseestr.,11273
Berlin,CITY,101,Berlin Friedrichstr,10038,Berlin Gesundbrunnen,11102
Berlin,CITY,101,Berlin Friedrichstr,10038,Berlin Greifswald.St,11135
Berlin,CITY,101,Berlin Friedrichstr,10038,Berlin-Grünau,11274
Berlin,CITY,101,Berlin Friedrichstr,10038,Berlin Grünbg.allee,11275
Berlin,CITY,101,Berlin Friedrichstr,10038,Berlin-Grunewald,11276
Berlin,CITY,101,Berlin Friedrichstr,10038,Berlin Hackescher M.,11158
Berlin,CITY,101,Berlin Friedrichstr,10038,Berlin-Halensee,11204
Berlin,CITY,101,Berlin Friedrichstr,10038,Berlin Hbf,11160
Berlin,CITY,101,Berlin Friedrichstr,10038,Berlin Heerstraße,11279
Berlin,CITY,101,Berlin Friedrichstr,10038,Berlin Heidelberg.Pl,11136
Berlin,CITY,101,Berlin Friedrichstr,10038,Berlin-Heiligensee,11280
Berlin,CITY,101,Berlin Friedrichstr,10038,Berlin Hermannstr.,11137
Berlin,CITY,101,Berlin Friedrichstr,10038,Berlin-Hermsdorf,11287
Berlin,CITY,101,Berlin Friedrichstr,10038,Berlin-Hirschgarten,11289
Berlin,CITY,101,Berlin Friedrichstr,10038,Berlin-Hohenschönh.,11901
Berlin,CITY,101,Berlin Friedrichstr,10038,Berlin Hohenzollernd,11145
Berlin,CITY,101,Berlin Friedrichstr,10038,Berlin Humboldthain,11147
Berlin,CITY,101,Berlin Friedrichstr,10038,Berlin Innsbrucker P,11148
Berlin,CITY,101,Berlin Friedrichstr,10038,Berlin Jannowitzbr.,11159
Berlin,CITY,101,Berlin Friedrichstr,10038,Berlin-Johannisthal,11234
Berlin,CITY,101,Berlin Friedrichstr,10038,Berlin Jul.-Leber-Br,11092
Berlin,CITY,101,Berlin Friedrichstr,10038,Berlin Jungfernheide,11167
Berlin,CITY,101,Berlin Friedrichstr,10038,Berlin-Karlshorst,10035
Berlin,CITY,101,Berlin Friedrichstr,10038,Berlin-Karow,11046
Berlin,CITY,101,Berlin Friedrichstr,10038,Berlin-Kaulsdorf,11291
Berlin,CITY,101,Berlin Friedrichstr,10038,Berlin K-B.-N.klinik,11295
Berlin,CITY,101,Berlin Friedrichstr,10038,Berlin Kölln.Heide,11313
Berlin,CITY,101,Berlin Friedrichstr,10038,Berlin-Köpenick,11332
Berlin,CITY,101,Berlin Friedrichstr,10038,Berlin Landsberger A,11151
Berlin,CITY,101,Berlin Friedrichstr,10038,Berlin-Lankwitz,11333
Berlin,CITY,101,Berlin Friedrichstr,10038,Berlin-Lichtenberg,10036
Berlin,CITY,101,Berlin Friedrichstr,10038,Berlin-Lichtenrade,11337
Berlin,CITY,101,Berlin Friedrichstr,10038,Berlin-Lichterf.Ost,11041
Berlin,CITY,101,Berlin Friedrichstr,10038,Berlin-Lichterf.Süd,11156
Berlin,CITY,101,Berlin Friedrichstr,10038,Berlin-Lichterf.West,11338
Berlin,CITY,101,Berlin Friedrichstr,10038,Berlin-Mahlsdorf,11343
Berlin,CITY,101,Berlin Friedrichstr,10038,Berlin-Marienfelde,11345
Berlin,CITY,101,Berlin Friedrichstr,10038,Berlin-Marzahn,11347
Berlin,CITY,101,Berlin Friedrichstr,10038,Berlin Mehrow.Allee,11348
Berlin,CITY,101,Berlin Friedrichstr,10038,Berlin Messe N/ZOB,11166
Berlin,CITY,101,Berlin Friedrichstr,10038,Berlin MesseS(Eichk),11350
Berlin,CITY,101,Berlin Friedrichstr,10038,Berlin Mexikoplatz,11353
Berlin,CITY,101,Berlin Friedrichstr,10038,Berlin-Neukölln,11207
Berlin,CITY,101,Berlin Friedrichstr,10038,Berlin-Nikolassee,11359
Berlin,CITY,101,Berlin Friedrichstr,10038,Berlin Nöldnerplatz,11161
Berlin,CITY,101,Berlin Friedrichstr,10038,Berlin Nordbahnhof,11174
Berlin,CITY,101,Berlin Friedrichstr,10038,Berlin-Oberspree,11365
Berlin,CITY,101,Berlin Friedrichstr,10038,Berlin Olympiastad.,11367
Berlin,CITY,101,Berlin Friedrichstr,10038,Berlin Oranienb.Str.,11175
Berlin,CITY,101,Berlin Friedrichstr,10038,Berlin Osdorfer Str.,11369
Berlin,CITY,101,Berlin Friedrichstr,10038,Berlin Ostbahnhof,10255
Berlin,CITY,101,Berlin Friedrichstr,10038,Berlin Ostkreuz,11162
Berlin,CITY,101,Berlin Friedrichstr,10038,Berlin-Pankow,11372
Berlin,CITY,101,Berlin Friedrichstr,10038,Berlin-Pankow-Hein.,11374
Berlin,CITY,101,Berlin Friedrichstr,10038,Berlin-Pichelsberg,11375
Berlin,CITY,101,Berlin Friedrichstr,10038,Berlin Plänterwald,11379
Berlin,CITY,101,Berlin Friedrichstr,10038,Berlin Poelchaustr.,11391
Berlin,CITY,101,Berlin Friedrichstr,10038,Berlin Potsdamer Pl,11118
Berlin,CITY,101,Berlin Friedrichstr,10038,Berlin Prenzlauer Al,11180
Berlin,CITY,101,Berlin Friedrichstr,10038,Berlin Priesterweg,11394
Berlin,CITY,101,Berlin Friedrichstr,10038,Berlin-Rahnsdorf,11410
Berlin,CITY,101,Berlin Friedrichstr,10038,Berlin Rath.Steglitz,11432
Berlin,CITY,101,Berlin Friedrichstr,10038,Berlin-Rummelsburg,11441
Berlin,CITY,101,Berlin Friedrichstr,10038,Berlin R-Wallenbg-St,11443
Berlin,CITY,101,Berlin Friedrichstr,10038,Berlin Savignyplatz,11163
Berlin,CITY,101,Berlin Friedrichstr,10038,Berlin Schichauweg,11444
Berlin,CITY,101,Berlin Friedrichstr,10038,Berlin-Schlachtensee,11445
Berlin,CITY,101,Berlin Friedrichstr,10038,Berlin-Schöneberg,11109
Berlin,CITY,101,Berlin Friedrichstr,10038,Berlin-Schöneweide,10041
Berlin,CITY,101,Berlin Friedrichstr,10038,Berlin Schönh.Allee,11182
Berlin,CITY,101,Berlin Friedrichstr,10038,Berlin-Schönholz,11448
Berlin,CITY,101,Berlin Friedrichstr,10038,Berlin-Schulzendorf,11452
Berlin,CITY,101,Berlin Friedrichstr,10038,Berlin Sonnenallee,11186
Berlin,CITY,101,Berlin Friedrichstr,10038,Berlin-Spandau,10404
Berlin,CITY,101,Berlin Friedrichstr,10038,Berlin-Spindlersfeld,11457
Berlin,CITY,101,Berlin Friedrichstr,10038,Berlin Springpfuhl,11459
Berlin,CITY,101,Berlin Friedrichstr,10038,Berlin-Staaken,13021
Berlin,CITY,101,Berlin Friedrichstr,10038,Berlin Storkower Str,11192
Berlin,CITY,101,Berlin Friedrichstr,10038,Berlin-Stresow,11461
Berlin,CITY,101,Berlin Friedrichstr,10038,Berlin Südende,11463
Berlin,CITY,101,Berlin Friedrichstr,10038,Berlin Südkreuz,11113
Berlin,CITY,101,Berlin Friedrichstr,10038,Berlin Sundgauer Str,11467
Berlin,CITY,101,Berlin Friedrichstr,10038,Berlin-Tegel,11475
Berlin,CITY,101,Berlin Friedrichstr,10038,Berlin-Tempelhof,11217
Berlin,CITY,101,Berlin Friedrichstr,10038,Berlin-Tiergarten,11164
Berlin,CITY,101,Berlin Friedrichstr,10038,Berlin Treptower Pk,11117
Berlin,CITY,101,Berlin Friedrichstr,10038,Berlin-Waidmannslust,11478
Berlin,CITY,101,Berlin Friedrichstr,10038,Berlin-Wannsee,10405
Berlin,CITY,101,Berlin Friedrichstr,10038,Berlin Warschauer St,11165
Berlin,CITY,101,Berlin Friedrichstr,10038,Berlin-Wartenberg,11479
Berlin,CITY,101,Berlin Friedrichstr,10038,Berlin-Wedding,11220
Berlin,CITY,101,Berlin Friedrichstr,10038,Berlin Westend,11196
Berlin,CITY,101,Berlin Friedrichstr,10038,Berlin Westhafen,11197
Berlin,CITY,101,Berlin Friedrichstr,10038,Berlin Westkreuz,11108
Berlin,CITY,101,Berlin Friedrichstr,10038,Berlin-Wilhelmshagen,11485
Berlin,CITY,101,Berlin Friedrichstr,10038,Berlin-Wilhelmsruh,11498
Berlin,CITY,101,Berlin Friedrichstr,10038,Berlin-Witten.(WhrD),11499
Berlin,CITY,101,Berlin Friedrichstr,10038,Berlin Wollankstr,11501
Berlin,CITY,101,Berlin Friedrichstr,10038,Berlin Wuhletal,11504
Berlin,CITY,101,Berlin Friedrichstr,10038,Berlin-Wuhlheide,11511
Berlin,CITY,101,Berlin Friedrichstr,10038,Berlin Yorckstraße,11198
Berlin,CITY,101,Berlin Friedrichstr,10038,Berlin-Zehlendorf,11514
Berlin,CITY,101,Berlin Friedrichstr,10038,Berlin Zoolg. Garten,10406
Berlin,TARIF,101,Berlin Friedrichstr,10038,Berlin Alexanderpl.,11155
Berlin,TARIF,101,Berlin Friedrichstr,10038,Berlin Anhalter Bf,11128
Berlin,TARIF,101,Berlin Friedrichstr,10038,Berlin Bellevue,11157
Berlin,TARIF,101,Berlin Friedrichstr,10038,Berlin Beusselstr.,11129
Berlin,TARIF,101,Berlin Friedrichstr,10038,Berlin Brandenbg.Tor,11193
Berlin,TARIF,101,Berlin Friedrichstr,10038,Berlin Bundesplatz,11130
Berlin,TARIF,101,Berlin Friedrichstr,10038,Berlin-Charlottenbg.,10403
Berlin,TARIF,101,Berlin Friedrichstr,10038,Berlin Frankfurter A,11134
Berlin,TARIF,101,Berlin Friedrichstr,10038,Berlin Friedrichstr,10038
Berlin,TARIF,101,Berlin Friedrichstr,10038,Berlin Gesundbrunnen,11102
Berlin,TARIF,101,Berlin Friedrichstr,10038,Berlin Greifswald.St,11135
Berlin,TARIF,101,Berlin Friedrichstr,10038,Berlin Hackescher M.,11158
Berlin,TARIF,101,Berlin Friedrichstr,10038,Berlin-Halensee,11204
Berlin,TARIF,101,Berlin Friedrichstr,10038,Berlin Hbf,11160
Berlin,TARIF,101,Berlin Friedrichstr,10038,Berlin Heidelberg.Pl,11136
Berlin,TARIF,101,Berlin Friedrichstr,10038,Berlin Hermannstr.,11137
Berlin,TARIF,101,Berlin Friedrichstr,10038,Berlin Hohenzollernd,11145
Berlin,TARIF,101,Berlin Friedrichstr,10038,Berlin Humboldthain,11147
Berlin,TARIF,101,Berlin Friedrichstr,10038,Berlin Innsbrucker P,11148
Berlin,TARIF,101,Berlin Friedrichstr,10038,Berlin Jannowitzbr.,11159
Berlin,TARIF,101,Berlin Friedrichstr,10038,Berlin Jul.-Leber-Br,11092
Berlin,TARIF,101,Berlin Friedrichstr,10038,Berlin Jungfernheide,11167
Berlin,TARIF,101,Berlin Friedrichstr,10038,Berlin Landsberger A,11151
Berlin,TARIF,101,Berlin Friedrichstr,10038,Berlin-Lichtenberg,10036
Berlin,TARIF,101,Berlin Friedrichstr,10038,Berlin Messe N/ZOB,11166
Berlin,TARIF,101,Berlin Friedrichstr,10038,Berlin-Neukölln,11207
Berlin,TARIF,101,Berlin Friedrichstr,10038,Berlin Nöldnerplatz,11161
Berlin,TARIF,101,Berlin Friedrichstr,10038,Berlin Nordbahnhof,11174
Berlin,TARIF,101,Berlin Friedrichstr,10038,Berlin Oranienb.Str.,11175
Berlin,TARIF,101,Berlin Friedrichstr,10038,Berlin Ostbahnhof,10255
Berlin,TARIF,101,Berlin Friedrichstr,10038,Berlin Ostkreuz,11162
Berlin,TARIF,101,Berlin Friedrichstr,10038,Berlin Potsdamer Pl,11118
Berlin,TARIF,101,Berlin Friedrichstr,10038,Berlin Prenzlauer Al,11180
Berlin,TARIF,101,Berlin Friedrichstr,10038,Berlin Savignyplatz,11163
Berlin,TARIF,101,Berlin Friedrichstr,10038,Berlin-Schöneberg,11109
Berlin,TARIF,101,Berlin Friedrichstr,10038,Berlin Schönh.Allee,11182
Berlin,TARIF,101,Berlin Friedrichstr,10038,Berlin Sonnenallee,11186
Berlin,TARIF,101,Berlin Friedrichstr,10038,Berlin Storkower Str,11192
Berlin,TARIF,101,Berlin Friedrichstr,10038,Berlin Südkreuz,11113
Berlin,TARIF,101,Berlin Friedrichstr,10038,Berlin-Tempelhof,11217
Berlin,TARIF,101,Berlin Friedrichstr,10038,Berlin-Tiergarten,11164
Berlin,TARIF,101,Berlin Friedrichstr,10038,Berlin Treptower Pk,11117
Berlin,TARIF,101,Berlin Friedrichstr,10038,Berlin Warschauer St,11165
Berlin,TARIF,101,Berlin Friedrichstr,10038,Berlin-Wedding,11220
Berlin,TARIF,101,Berlin Friedrichstr,10038,Berlin Westend,11196
Berlin,TARIF,101,Berlin Friedrichstr,10038,Berlin Westhafen,11197
Berlin,TARIF,101,Berlin Friedrichstr,10038,Berlin Westkreuz,11108
Berlin,TARIF,101,Berlin Friedrichstr,10038,Berlin Yorckstraße,11198
Berlin,TARIF,101,Berlin Friedrichstr,10038,Berlin Zoolg. Garten,10406
Bielefeld,CITY,101,Bielefeld Hbf,36,Bielefeld-Brackwede,48
Bielefeld,CITY,101,Bielefeld Hbf,36,Bielefeld Hbf,36
Bielefeld,CITY,101,Bielefeld Hbf,36,Bielefeld Ost,953
Bielefeld,CITY,101,Bielefeld Hbf,36,Bielefeld-Senne,956
Bielefeld,CITY,101,Bielefeld Hbf,36,Bielefeld-Sennestadt,5535
Bielefeld,CITY,101,Bielefeld Hbf,36,Bielefeld-Windelsbl.,6466
Bielefeld,CITY,101,Bielefeld Hbf,36,Brake(b Bielefeld),1118
Bielefeld,CITY,101,Bielefeld Hbf,36,Oldentrup,4673
Bielefeld,CITY,101,Bielefeld Hbf,36,Quelle,4908
Bielefeld,CITY,101,Bielefeld Hbf,36,Quelle-Kupferheide,4905
Bielefeld,CITY,101,Bielefeld Hbf,36,Ubbedissen,5930
Bingen(Rhein),TARIF,71,Bingen(Rhein) Hbf,39,Bingen(Rhein) Hbf,39
Bingen(Rhein),TARIF,71,Bingen(Rhein) Hbf,39,Bingen(Rhein) Stadt,976
Blumberg(Baden),TARIF,1,Blumberg-Zollhaus,6669,Blumberg-Riedöschin,1029
Blumberg(Baden),TARIF,1,Blumberg-Zollhaus,6669,Blumberg-Zollhaus,6669
Böblingen,CITY,101,Böblingen,1055,Böblingen,1055
Böblingen,CITY,101,Böblingen,1055,Goldberg(Württ),5201
Böblingen,CITY,101,Böblingen,1055,Hulb,3022
Böblingen,CITY,101,Böblingen,1055,Maichingen,3808
Böblingen,CITY,101,Böblingen,1055,Maichingen Nord,3834
Böblingen,CITY,101,Böblingen,1055,Sindelfingen,5574
Bochum,CITY,101,Bochum Hbf,41,Bochum-Ehrenfeld,1039
Bochum,CITY,101,Bochum Hbf,41,Bochum-Hamme,6710
Bochum,CITY,101,Bochum Hbf,41,Bochum Hbf,41
Bochum,CITY,101,Bochum Hbf,41,Bochum-Langendreer,358
Bochum,CITY,101,Bochum Hbf,41,Bochum-Langendreer W,4474
Bochum,CITY,101,Bochum Hbf,41,Bochum-Riemke,1035
Bochum,CITY,101,Bochum Hbf,41,Bochum West,6711
Bochum,CITY,101,Bochum Hbf,41,Wattenscheid,6226
Bochum,CITY,101,Bochum Hbf,41,Wattenscheid-Höntr.,6227
Bochum-Dahlhaus,CITY,101,Bochum-Dahlhausen,1038,Bochum-Dahlhausen,1038
Bonn,CITY,101,Bonn Hbf,44,Bonn-Bad Godesberg,1082
Bonn,CITY,101,Bonn Hbf,44,Bonn-Duisdorf,1084
Bonn,CITY,101,Bonn Hbf,44,Bonn-Endenich Nord,1088
Bonn,CITY,101,Bonn Hbf,44,Bonn Hbf,44
Bonn,CITY,101,Bonn Hbf,44,Bonn Helmholtzstr.,1081
Bonn,CITY,101,Bonn Hbf,44,Bonn-Mehlem,1085
Bonn,CITY,101,Bonn Hbf,44,Bonn UN Campus,1091
Bonn,TARIF,71,Bonn Hbf,44,Bonn-Bad Godesberg,1082
Bonn,TARIF,71,Bonn Hbf,44,Bonn Hbf,44
Bonn,TARIF,71,Bonn Hbf,44,Bonn-Mehlem,1085
Bonn,TARIF,71,Bonn Hbf,44,Bonn UN Campus,1091
Bonn-Beuel,CITY,101,Bonn-Beuel,1083,Bonn-Beuel,1083
Bonn-Beuel,CITY,101,Bonn-Beuel,1083,Bonn-Oberkassel,1086
Bottrop,CITY,101,Bottrop Hbf,47,Bottrop-Boy,1107
Bottrop,CITY,101,Bottrop Hbf,47,Bottrop Hbf,47
Bottrop,CITY,101,Bottrop Hbf,47,Bottrop-Vonderort,1108
Bräunlingen,TARIF,1,Bräunlingen Bahnhof,1119,Bräunlingen Bahnhof,1119
Bräunlingen,TARIF,1,Bräunlingen Bahnhof,1119,Bräunlingen Industr,1127
Braunschweig,CITY,101,Braunschweig Hbf,49,Braunschweig-Gliesm.,1134
Braunschweig,CITY,101,Braunschweig Hbf,49,Braunschweig Hbf,49
Bremen,CITY,101,Bremen Hbf,50,Bremen-Aumund,1187
Bremen,CITY,101,Bremen Hbf,50,Bremen-Blumenthal,1194
Bremen,CITY,101,Bremen Hbf,50,Bremen-Burg,1156
Bremen,CITY,101,Bremen Hbf,50,Bremen-Farge,1208
Bremen,CITY,101,Bremen Hbf,50,Bremen Hbf,50
Bremen,CITY,101,Bremen Hbf,50,Bremen-Hemelingen,1157
Bremen,CITY,101,Bremen Hbf,50,Bremen Kreinsloger,1204
Bremen,CITY,101,Bremen Hbf,50,Bremen-Lesum,1159
Bremen,CITY,101,Bremen Hbf,50,Bremen-Mahndorf,1160
Bremen,CITY,101,Bremen Hbf,50,Bremen Mühlenstr.,1202
Bremen,CITY,101,Bremen Hbf,50,Bremen Neustadt,1155
Bremen,CITY,101,Bremen Hbf,50,Bremen-Oberneuland,1161
Bremen,CITY,101,Bremen Hbf,50,Bremen-Oslebshausen,1162
Bremen,CITY,101,Bremen Hbf,50,Bremen-Schönebeck,1163
Bremen,CITY,101,Bremen Hbf,50,Bremen-Sebaldsbrück,1164
Bremen,CITY,101,Bremen Hbf,50,Bremen-St Magnus,1165
Bremen,CITY,101,Bremen Hbf,50,Bremen Turnerstraße,1206
Bremen,CITY,101,Bremen Hbf,50,Bremen-Vegesack,1166
Bremen,CITY,101,Bremen Hbf,50,Bremen-Walle,1167
Bremen,CITY,101,Bremen Hbf,50,Klinikum Bremen-Nord,1189
Bremerhaven,CITY,101,Bremerhaven Hbf,51,Bremerhaven Hbf,51
Bremerhaven,CITY,101,Bremerhaven Hbf,51,Bremerhaven-Lehe,1168
Bremerhaven,CITY,101,Bremerhaven Hbf,51,Bremerhaven-Wulsdorf,1170
Bremerhaven,TARIF,71,Bremerhaven Hbf,51,Bremerhaven Hbf,51
Bremerhaven,TARIF,71,Bremerhaven Hbf,51,Bremerhaven-Lehe,1168
Bretten,TARIF,1,Bretten,53,Bretten,53
Bretten,TARIF,1,Bretten,53,Bretten Schulzentrum,1144
Bretten,TARIF,1,Bretten,53,Bretten Stadtmitte,1152
Brigachtal,TARIF,1,Brigachtal Klengen,3336,Brigachtal Kirchdorf,3339
Brigachtal,TARIF,1,Brigachtal Klengen,3336,Brigachtal Klengen,3336
Bruchsal,TARIF,1,Bruchsal,55,Bruchsal,55
Bruchsal,TARIF,1,Bruchsal,55,Bruchsal Am Mantel,1214
Bruchsal,TARIF,1,Bruchsal,55,Bruchsal AVG,1195
Bruchsal,TARIF,1,Bruchsal,55,Bruchsal Bildungsz,1197
Bruchsal,TARIF,1,Bruchsal,55,Bruchsal Schlachthof,1216
Bruchsal,TARIF,1,Bruchsal,55,Bruchsal Sportzentr.,1212
Bruchsal,TARIF,1,Bruchsal,55,Bruchsal Tunnelstr.,1219
Buchen(Odenw),TARIF,51,Buchen(Odenw),1227,Bödigheim,1056
Buchen(Odenw),TARIF,51,Buchen(Odenw),1227,Buchen(Odenw),1227
Buchen(Odenw),TARIF,51,Buchen(Odenw),1227,Buchen Ost,1226
Buchen(Odenw),TARIF,51,Buchen(Odenw),1227,Hainstadt(Baden),2529
Celle,CITY,101,Celle,64,Celle,64
Chemnitz,CITY,101,Chemnitz Hbf,10184,Chemnitz-Altchemnitz,13602
Chemnitz,CITY,101,Chemnitz Hbf,10184,Chemnitz-Borna,11974
Chemnitz,CITY,101,Chemnitz Hbf,10184,Chemnitz Erdmannsd.S,13604
Chemnitz,CITY,101,Chemnitz Hbf,10184,Chemnitz Erfenschlag,11975
Chemnitz,CITY,101,Chemnitz Hbf,10184,Chemnitz Friedrichs.,13600
Chemnitz,CITY,101,Chemnitz Hbf,10184,Chemnitz G-Freytag-S,13606
Chemnitz,CITY,101,Chemnitz Hbf,10184,Chemnitz-Harthau,11977
Chemnitz,CITY,101,Chemnitz Hbf,10184,Chemnitz Hbf,10184
Chemnitz,CITY,101,Chemnitz Hbf,10184,Chemnitz-Hilbersd,13450
Chemnitz,CITY,101,Chemnitz Hbf,10184,Chemnitz Kinderwald,11970
Chemnitz,CITY,101,Chemnitz Hbf,10184,Chemnitz Küchwald,11969
Chemnitz,CITY,101,Chemnitz Hbf,10184,Chemnitz Mitte,11971
Chemnitz,CITY,101,Chemnitz Hbf,10184,Chemnitz-Reichenhain,11978
Chemnitz,CITY,101,Chemnitz Hbf,10184,Chemnitz Riemensch.S,13601
Chemnitz,CITY,101,Chemnitz Hbf,10184,Chemnitz Roesslerstr,13605
Chemnitz,CITY,101,Chemnitz Hbf,10184,Chemnitz-Schönau,11979
Chemnitz,CITY,101,Chemnitz Hbf,10184,Chemnitz Schule Altc,13603
Chemnitz,CITY,101,Chemnitz Hbf,10184,Chemnitz-Siegmar,11980
Chemnitz,CITY,101,Chemnitz Hbf,10184,Chemnitz Stadlerpl,13610
Chemnitz,CITY,101,Chemnitz Hbf,10184,Chemnitz Süd,10185
Chemnitz,CITY,101,Chemnitz Hbf,10184,Chemnitz TU Campus,13612
Chemnitz,CITY,101,Chemnitz Hbf,10184,Chemnitz Zentralhst,13607
Chemnitz,CITY,101,Chemnitz Hbf,10184,Einsiedel,11466
Chemnitz,CITY,101,Chemnitz Hbf,10184,Einsiedel Brauerei,11465
Chemnitz,CITY,101,Chemnitz Hbf,10184,Einsiedel Hp Gymnas.,11464
Chemnitz,CITY,101,Chemnitz Hbf,10184,Grüna(Sachs)Hp,11770
Chemnitz,CITY,101,Chemnitz Hbf,10184,Klaffenbach Hp,10192
Chemnitz,CITY,101,Chemnitz Hbf,10184,Neukirchen-Klaffenb,12462
Chemnitz,CITY,101,Chemnitz Hbf,10184,Wittgensdorf Mitte,13324
Chemnitz,CITY,101,Chemnitz Hbf,10184,Wittgensdorf ob Bf,10383
Chemnitz,TARIF,31,Chemnitz Hbf,10184,Chemnitz G-Freytag-S,13606
Chemnitz,TARIF,31,Chemnitz Hbf,10184,Chemnitz Hbf,10184
Chemnitz,TARIF,31,Chemnitz Hbf,10184,Chemnitz Mitte,11971
Chemnitz,TARIF,31,Chemnitz Hbf,10184,Chemnitz Stadlerpl,13610
Chemnitz,TARIF,31,Chemnitz Hbf,10184,Chemnitz Süd,10185
Chemnitz,TARIF,31,Chemnitz Hbf,10184,Chemnitz Zentralhst,13607
Cottbus,CITY,101,Cottbus Hbf,10073,Cottbus Hbf,10073
Cottbus,CITY,101,Cottbus Hbf,10073,Cottbus-Merzdorf,12341
Cottbus,CITY,101,Cottbus Hbf,10073,Cottbus-Sandow,11318
Cottbus,CITY,101,Cottbus Hbf,10073,Cottbus-Willmersd N,11331
Darmstadt,CITY,101,Darmstadt Hbf,68,Darmstadt-Arheilgen,1378
Darmstadt,CITY,101,Darmstadt Hbf,68,Darmstadt-Eberstadt,1379
Darmstadt,CITY,101,Darmstadt Hbf,68,Darmstadt Hbf,68
Darmstadt,CITY,101,Darmstadt Hbf,68,Darmstadt-Kranichst.,1380
Darmstadt,CITY,101,Darmstadt Hbf,68,Darmstadt Nord,1375
Darmstadt,CITY,101,Darmstadt Hbf,68,Darmstadt Ost,1376
Darmstadt,CITY,101,Darmstadt Hbf,68,Darmstadt Süd,1377
Darmstadt,CITY,101,Darmstadt Hbf,68,Darmstadt TU-Lichtw.,1386
Darmstadt,CITY,101,Darmstadt Hbf,68,Darmstadt-Wixhausen,6528
Darmstadt,TARIF,71,Darmstadt Hbf,68,Darmstadt Hbf,68
Darmstadt,TARIF,71,Darmstadt Hbf,68,Darmstadt Nord,1375
Darmstadt,TARIF,71,Darmstadt Hbf,68,Darmstadt Süd,1377
Delmenhorst,CITY,101,Delmenhorst,70,Delmenhorst,70
Delmenhorst,CITY,101,Delmenhorst,70,Heidkrug,2694
Delmenhorst,CITY,101,Delmenhorst,70,Hoykenkamp,3008
Detmold,CITY,101,Detmold,1420,Detmold,1420
Dettingen(Erms),TARIF,1,Dettingen-Mitte,1425,Dettingen Freibad,1424
Dettingen(Erms),TARIF,1,Dettingen-Mitte,1425,Dettingen Lehen,1422
Dettingen(Erms),TARIF,1,Dettingen-Mitte,1425,Dettingen-Mitte,1425
Donaueschingen,TARIF,1,Donaueschingen,77,Donauesch.Allmendsh.,1479
Donaueschingen,TARIF,1,Donaueschingen,77,Donauesch.Grüningen,1483
Donaueschingen,TARIF,1,Donaueschingen,77,Donauesch.Mitte/Sied,1485
Donaueschingen,TARIF,1,Donaueschingen,77,Donaueschingen Aufen,1482
Dortmund,CITY,101,Dortmund Hbf,80,Dortmund-Aplerbeck,1523
Dortmund,CITY,101,Dortmund Hbf,80,Dortmund-Aplerbeck S,1524
Dortmund,CITY,101,Dortmund Hbf,80,Dortmund-Asseln Mitt,1526
Dortmund,CITY,101,Dortmund Hbf,80,Dortmund-Barop,1527
Dortmund,CITY,101,Dortmund Hbf,80,Dortmund-Bövingh.,1528
Dortmund,CITY,101,Dortmund Hbf,80,Dortmund-Brackel,1529
Dortmund,CITY,101,Dortmund Hbf,80,Dortmund-Derne,1530
Dortmund,CITY,101,Dortmund Hbf,80,Dortmund-Dorstfeld,81
Dortmund,CITY,101,Dortmund Hbf,80,Dortmund-Dorstfeld S,4230
Dortmund,CITY,101,Dortmund Hbf,80,Dortmund-Germania,1540
Dortmund,CITY,101,Dortmund Hbf,80,Dortmund Hbf,80
Dortmund,CITY,101,Dortmund Hbf,80,Dortmund-Hörde,961
Dortmund,CITY,101,Dortmund Hbf,80,Dortmund-Huckarde,1505
Dortmund,CITY,101,Dortmund Hbf,80,Dortmund-Huckarde N,1532
Dortmund,CITY,101,Dortmund Hbf,80,Dortmund-Kirchderne,1533
Dortmund,CITY,101,Dortmund Hbf,80,Dortmund-Kirchhörde,1534
Dortmund,CITY,101,Dortmund Hbf,80,Dortmund-Kley,4269
Dortmund,CITY,101,Dortmund Hbf,80,Dortmund Knappschaft,1517
Dortmund,CITY,101,Dortmund Hbf,80,Dortmund-Körne,1535
Dortmund,CITY,101,Dortmund Hbf,80,Dortmund-Körne West,3916
Dortmund,CITY,101,Dortmund Hbf,80,Dortmund-Kruckel,1536
Dortmund,CITY,101,Dortmund Hbf,80,Dortmund-Kurl,1537
Dortmund,CITY,101,Dortmund Hbf,80,Dortmund-Löttringh.,1538
Dortmund,CITY,101,Dortmund Hbf,80,Dortmund-Lütgend.N,1539
Dortmund,CITY,101,Dortmund Hbf,80,Dortmund-Lütgendort,1516
Dortmund,CITY,101,Dortmund Hbf,80,Dortmund-Marten,1541
Dortmund,CITY,101,Dortmund Hbf,80,Dortmund-Marten Süd,1542
Dortmund,CITY,101,Dortmund Hbf,80,Dortmund-Mengede,1543
Dortmund,CITY,101,Dortmund Hbf,80,Dortmund Möllerbr.,1518
Dortmund,CITY,101,Dortmund Hbf,80,Dortmund-Nette/Oest,1519
Dortmund,CITY,101,Dortmund Hbf,80,Dortmund-Oespel,4288
Dortmund,CITY,101,Dortmund Hbf,80,Dortmund-Rahm,1544
Dortmund,CITY,101,Dortmund Hbf,80,Dortmund-Scharnhorst,1515
Dortmund,CITY,101,Dortmund Hbf,80,Dortmund Signal Idu.,1522
Dortmund,CITY,101,Dortmund Hbf,80,Dortmund-Sölde,1545
Dortmund,CITY,101,Dortmund Hbf,80,Dortmund-Somborn,1549
Dortmund,CITY,101,Dortmund Hbf,80,Dortmund Stadthaus,1520
Dortmund,CITY,101,Dortmund Hbf,80,Dortmund Tierpark,1521
Dortmund,CITY,101,Dortmund Hbf,80,Dortmund-Uni.,4419
Dortmund,CITY,101,Dortmund Hbf,80,Dortmund West,3946
Dortmund,CITY,101,Dortmund Hbf,80,Dortmund-Westerfilde,1525
Dortmund,CITY,101,Dortmund Hbf,80,Dortmund-Wickede,1546
Dortmund,CITY,101,Dortmund Hbf,80,Dortmund-Wickede W,3936
Dortmund,CITY,101,Dortmund Hbf,80,Dortmund-Wischlingen,1531
Dresden,CITY,101,Dresden Hbf,10085,Cossebaude,11320
Dresden,CITY,101,Dresden Hbf,10085,Dresden Bischofspl.,11416
Dresden,CITY,101,Dresden Hbf,10085,Dresden-Cotta,11419
Dresden,CITY,101,Dresden Hbf,10085,Dresden-Dobritz,11420
Dresden,CITY,101,Dresden Hbf,10085,Dresden Flughafen,11399
Dresden,CITY,101,Dresden Hbf,10085,Dresden Freiberg.Str,11431
Dresden,CITY,101,Dresden Hbf,10085,Dresden-Friedrichst,13475
Dresden,CITY,101,Dresden Hbf,10085,Dresden Grenzstraße,11417
Dresden,CITY,101,Dresden Hbf,10085,Dresden Hbf,10085
Dresden,CITY,101,Dresden Hbf,10085,Dresden Industriegel,11418
Dresden,CITY,101,Dresden Hbf,10085,Dresden-Kemnitz,11421
Dresden,CITY,101,Dresden Hbf,10085,Dresden-Klotzsche,10088
Dresden,CITY,101,Dresden Hbf,10085,Dresden Mitte,13444
Dresden,CITY,101,Dresden Hbf,10085,Dresden-Neustadt,10089
Dresden,CITY,101,Dresden Hbf,10085,Dresden-Niedersedl,11422
Dresden,CITY,101,Dresden Hbf,10085,Dresden-Pieschen,11423
Dresden,CITY,101,Dresden Hbf,10085,Dresden-Plauen,13476
Dresden,CITY,101,Dresden Hbf,10085,Dresden-Reick,11424
Dresden,CITY,101,Dresden Hbf,10085,Dresden-Stetzsch,11425
Dresden,CITY,101,Dresden Hbf,10085,Dresden-Strehlen,11426
Dresden,CITY,101,Dresden Hbf,10085,Dresden-Trachau,11427
Dresden,CITY,101,Dresden Hbf,10085,Dresden-Zschachwitz,11428
Dresden,CITY,101,Dresden Hbf,10085,Langebrück(Sachs),12150
Dresden,CITY,101,Dresden Hbf,10085,Niederwartha,12503
Dresden,CITY,101,Dresden Hbf,10085,Weixdorf,13268
Dresden,CITY,101,Dresden Hbf,10085,Weixdorf Bad,13269
Dresden,TARIF,31,Dresden Hbf,10085,Dresden Freiberg.Str,11431
Dresden,TARIF,31,Dresden Hbf,10085,Dresden Hbf,10085
Dresden,TARIF,31,Dresden Hbf,10085,Dresden Mitte,13444
Dresden,TARIF,31,Dresden Hbf,10085,Dresden-Neustadt,10089
Duisbg-Ruhrort,CITY,101,Duisburg-Ruhrort,1611,Duisburg-Meiderich O,1607
Duisbg-Ruhrort,CITY,101,Duisburg-Ruhrort,1611,Duisburg-Meiderich S,367
Duisbg-Ruhrort,CITY,101,Duisburg-Ruhrort,1611,Duisburg-Obermeider.,1608
Duisbg-Ruhrort,CITY,101,Duisburg-Ruhrort,1611,Duisburg-Ruhrort,1611
Duisburg,CITY,101,Duisburg Hbf,86,Duisburg-Buchholz,1600
Duisburg,CITY,101,Duisburg Hbf,86,Duisburg-Großenbaum,1602
Duisburg,CITY,101,Duisburg Hbf,86,Duisburg Hbf,86
Duisburg,CITY,101,Duisburg Hbf,86,Duisburg-Hochfeld S,1605
Duisburg,CITY,101,Duisburg Hbf,86,Duisburg-Rahm,1609
Duisburg,CITY,101,Duisburg Hbf,86,Duisburg-Schlenk,1596
Duisburg,CITY,101,Duisburg Hbf,86,Rheinhausen,317
Duisburg,CITY,101,Duisburg Hbf,86,Rheinhausen Ost,5065
Duisburg,CITY,101,Duisburg Hbf,86,Rumeln,5225
Duisburg,CITY,101,Duisburg Hbf,86,Trompet,5910
Düren Stadt,CITY,101,Düren-Annakirmespl.,223,Düren,84
Düren Stadt,CITY,101,Düren-Annakirmespl.,223,Düren-Annakirmespl.,223
Düren Stadt,CITY,101,Düren-Annakirmespl.,223,Düren Im GroßenTal,224
Düren Stadt,CITY,101,Düren-Annakirmespl.,223,Düren-Kuhbrücke,3468
Düren Stadt,CITY,101,Düren-Annakirmespl.,223,Düren-Lendersdorf,3642
Düren Stadt,CITY,101,Düren-Annakirmespl.,223,Düren Renkerstraße,4969
Düren Stadt,CITY,101,Düren-Annakirmespl.,223,Niederau-Tuchmühle,4301
Düren Stadt,TARIF,1,Düren-Annakirmespl.,223,Düren,84
Düren Stadt,TARIF,1,Düren-Annakirmespl.,223,Düren-Annakirmespl.,223
Düren Stadt,TARIF,1,Düren-Annakirmespl.,223,Düren Im GroßenTal,224
Düren Stadt,TARIF,1,Düren-Annakirmespl.,223,Düren-Kuhbrücke,3468
Düren Stadt,TARIF,1,Düren-Annakirmespl.,223,Düren-Lendersdorf,3642
Düren Stadt,TARIF,1,Düren-Annakirmespl.,223,Düren Renkerstraße,4969
Düsseldorf,CITY,101,Düsseldorf Hbf,85,Angermund,579
Düsseldorf,CITY,101,Düsseldorf Hbf,85,Düsseldorf-Benrath,1584
Düsseldorf,CITY,101,Düsseldorf Hbf,85,Düsseldorf-Bilk,1585
Düsseldorf,CITY,101,Düsseldorf Hbf,85,Düsseldorf-Derend.,1586
Düsseldorf,CITY,101,Düsseldorf Hbf,85,Düsseldorf-Eller,1587
Düsseldorf,CITY,101,Düsseldorf Hbf,85,Düsseldorf-Eller M,1308
Düsseldorf,CITY,101,Düsseldorf Hbf,85,Düsseldorf-Eller S,1588
Düsseldorf,CITY,101,Düsseldorf Hbf,85,Düsseldorf-Flingern,1598
Düsseldorf,CITY,101,Düsseldorf Hbf,85,Düsseldorf Flugh.,82
Düsseldorf,CITY,101,Düsseldorf Hbf,85,Düsseldorf Flugh.T.,1580
Düsseldorf,CITY,101,Düsseldorf Hbf,85,Düsseldorf Friedrst,1579
Düsseldorf,CITY,101,Düsseldorf Hbf,85,Düsseldorf-Garath,1589
Düsseldorf,CITY,101,Düsseldorf Hbf,85,Düsseldorf-Gerresh.,1590
Düsseldorf,CITY,101,Düsseldorf Hbf,85,Düsseldorf-Hamm,1597
Düsseldorf,CITY,101,Düsseldorf Hbf,85,Düsseldorf Hbf,85
Düsseldorf,CITY,101,Düsseldorf Hbf,85,Düsseldorf-Hellerh.,4920
Düsseldorf,CITY,101,Düsseldorf Hbf,85,Düsseldorf-Oberbilk,1591
Düsseldorf,CITY,101,Düsseldorf Hbf,85,Düsseldorf-Rath,1592
Düsseldorf,CITY,101,Düsseldorf Hbf,85,Düsseldorf-Rath Mit,1593
Düsseldorf,CITY,101,Düsseldorf Hbf,85,Düsseldorf-Reisholz,1594
Düsseldorf,CITY,101,Düsseldorf Hbf,85,Düsseldorf-Unterr.,1595
Düsseldorf,CITY,101,Düsseldorf Hbf,85,Düsseldorf Volksg.,1581
Düsseldorf,CITY,101,Düsseldorf Hbf,85,Düsseldorf Völk St,1603
Düsseldorf,CITY,101,Düsseldorf Hbf,85,Düsseldorf Wehrhahn,1582
Düsseldorf,CITY,101,Düsseldorf Hbf,85,Düsseldorf-Zoo,1583
Düsseldorf,TARIF,31,Düsseldorf Hbf,85,Düsseldorf-Bilk,1585
Düsseldorf,TARIF,31,Düsseldorf Hbf,85,Düsseldorf-Derend.,1586
Düsseldorf,TARIF,31,Düsseldorf Hbf,85,Düsseldorf-Flingern,1598
Düsseldorf,TARIF,31,Düsseldorf Hbf,85,Düsseldorf Friedrst,1579
Düsseldorf,TARIF,31,Düsseldorf Hbf,85,Düsseldorf Hbf,85
Düsseldorf,TARIF,31,Düsseldorf Hbf,85,Düsseldorf-Oberbilk,1591
Düsseldorf,TARIF,31,Düsseldorf Hbf,85,Düsseldorf Volksg.,1581
Düsseldorf,TARIF,31,Düsseldorf Hbf,85,Düsseldorf Wehrhahn,1582
Düsseldorf,TARIF,31,Düsseldorf Hbf,85,Düsseldorf-Zoo,1583
E-Altenessen,CITY,101,Essen-Altenessen,1900,Essen-Altenessen,1900
E-Altenessen,CITY,101,Essen-Altenessen,1900,Essen-Bergeborbeck,1901
E-Altenessen,CITY,101,Essen-Altenessen,1900,Essen-Dellwig,1903
E-Altenessen,CITY,101,Essen-Altenessen,1900,Essen-Zollver. Nord,1909
Ellhofen,TARIF,1,Ellhofen,1747,Ellhofen,1747
Ellhofen,TARIF,1,Ellhofen,1747,Weinsbg/Ellhofen Gew,6294
Elmshorn,CITY,101,Elmshorn,92,Elmshorn,92
Elmshorn,CITY,101,Elmshorn,92,Horst(Holst),3003
Erfurt,CITY,101,Erfurt Hbf,10101,Erfurt-Bischleben,11502
Erfurt,CITY,101,Erfurt Hbf,10101,Erfurt-Gispersleben,11503
Erfurt,CITY,101,Erfurt Hbf,10101,Erfurt Hbf,10101
Erfurt,CITY,101,Erfurt Hbf,10101,Erfurt Nord,10102
Erfurt,CITY,101,Erfurt Hbf,10101,Erfurt Ost,11500
Erlangen,CITY,101,Erlangen,1844,Bubenreuth,1223
Erlangen,CITY,101,Erlangen,1844,Eltersdorf,1762
Erlangen,CITY,101,Erlangen,1844,Er. Paul-Gossen-Str.,1846
Erlangen,CITY,101,Erlangen,1844,Erlangen,1844
Erlangen,CITY,101,Erlangen,1844,Erlangen-Bruck,1845
Erndtebrück,TARIF,31,Erndtebrück,1851,Erndtebrück,1851
Essen,CITY,101,Essen Hbf,98,Essen-Borbeck,1902
Essen,CITY,101,Essen Hbf,98,Essen-Borbeck Süd,5031
Essen,CITY,101,Essen Hbf,98,Essen-Dellwig Ost,1904
Essen,CITY,101,Essen Hbf,98,Essen-Eiberg,1905
Essen,CITY,101,Essen Hbf,98,Essen-Frohnhausen,1906
Essen,CITY,101,Essen Hbf,98,Essen-Gerschede,1907
Essen,CITY,101,Essen Hbf,98,Essen Hbf,98
Essen,CITY,101,Essen Hbf,98,Essen-Holthausen,6514
Essen,CITY,101,Essen Hbf,98,Essen-Horst,6194
Essen,CITY,101,Essen Hbf,98,Essen-Hügel,1908
Essen,CITY,101,Essen Hbf,98,Essen-Kray Nord,1910
Essen,CITY,101,Essen Hbf,98,Essen-Kray Süd,1911
Essen,CITY,101,Essen Hbf,98,Essen-Kupferdreh,1912
Essen,CITY,101,Essen Hbf,98,Essen Stadtwald,1896
Essen,CITY,101,Essen Hbf,98,Essen-Steele,99
Essen,CITY,101,Essen Hbf,98,Essen-Steele Ost,1913
Essen,CITY,101,Essen Hbf,98,Essen Süd,1897
Essen,CITY,101,Essen Hbf,98,Essen-Überruhr,1914
Essen,CITY,101,Essen Hbf,98,Essen-Werden,1915
Essen,CITY,101,Essen Hbf,98,Essen West,1898
Essen,CITY,101,Essen Hbf,98,Kettwig,198
Essen,CITY,101,Essen Hbf,98,Kettwig Stausee,3245
Essen,TARIF,1,Essen Hbf,98,Essen Hbf,98
Essen,TARIF,1,Essen Hbf,98,Essen Süd,1897
Essen,TARIF,1,Essen Hbf,98,Essen West,1898
Esslingen(N),CITY,101,Esslingen(Neckar),1920,Esslingen(Neckar),1920
Esslingen(N),CITY,101,Esslingen(Neckar),1920,Esslingen-Mettingen,1921
Esslingen(N),CITY,101,Esslingen(Neckar),1920,Esslingen-Zell,6642
Esslingen(N),CITY,101,Esslingen(Neckar),1920,Oberesslingen,4528
Feldhausen,CITY,101,Feldhausen,1972,Feldhausen,1972
Flensburg,CITY,101,Flensburg,103,Flensburg,103
Flughafen BER,TARIF,1,Schönefeld (b.Bln.),10109,Flughafen BER,11201
Flughafen BER,TARIF,1,Schönefeld (b.Bln.),10109,Schönefeld (b.Bln.),10109
Flughafen BER,TARIF,1,Schönefeld (b.Bln.),10109,Waßmannsdorf,13241
Frankfurt(Main),CITY,101,Frankfurt(Main)Hbf,105,Eschborn Süd,1871
Frankfurt(Main),CITY,101,Frankfurt(Main)Hbf,105,Ff-Höchst Farbwerke,2051
Frankfurt(Main),CITY,101,Frankfurt(Main)Hbf,105,Frankfurt(M)Gallusw.,6690
Frankfurt(Main),CITY,101,Frankfurt(Main)Hbf,105,Frankfurt(M)Hauptw.,6692
Frankfurt(Main),CITY,101,Frankfurt(Main)Hbf,105,Frankfurt(M)Konst.,4429
Frankfurt(Main),CITY,101,Frankfurt(Main)Hbf,105,Frankfurt(M)Lokalbf.,2038
Frankfurt(Main),CITY,101,Frankfurt(Main)Hbf,105,Frankfurt(M)Mühlbg.,2034
Frankfurt(Main),CITY,101,Frankfurt(Main)Hbf,105,Frankfurt(M)Ostend.,2058
Frankfurt(Main),CITY,101,Frankfurt(Main)Hbf,105,Frankfurt(M)Stadion,2040
Frankfurt(Main),CITY,101,Frankfurt(Main)Hbf,105,Frankfurt(M)Stresem.,2059
Frankfurt(Main),CITY,101,Frankfurt(Main)Hbf,105,Frankfurt(M)Tsanlage,6691
Frankfurt(Main),CITY,101,Frankfurt(Main)Hbf,105,Frankfurt(Main)Hbf,105
Frankfurt(Main),CITY,101,Frankfurt(Main)Hbf,105,Frankfurt(Main)Messe,2035
Frankfurt(Main),CITY,101,Frankfurt(Main)Hbf,105,Frankfurt(Main)Ost,2039
Frankfurt(Main),CITY,101,Frankfurt(Main)Hbf,105,Frankfurt(Main)Süd,2041
Frankfurt(Main),CITY,101,Frankfurt(Main)Hbf,105,Frankfurt(Main)West,2042
Frankfurt(Main),CITY,101,Frankfurt(Main)Hbf,105,Frankfurt-Berkersh.,2043
Frankfurt(Main),CITY,101,Frankfurt(Main)Hbf,105,Frankfurt-Eschersh.,2045
Frankfurt(Main),CITY,101,Frankfurt(Main)Hbf,105,Frankfurt-F. Berg,2044
Frankfurt(Main),CITY,101,Frankfurt(Main)Hbf,105,Frankfurt-Griesheim,2046
Frankfurt(Main),CITY,101,Frankfurt(Main)Hbf,105,Frankfurt-Höchst,106
Frankfurt(Main),CITY,101,Frankfurt(Main)Hbf,105,Frankfurt-Louisa,2047
Frankfurt(Main),CITY,101,Frankfurt(Main)Hbf,105,Frankfurt-Mainkur,2048
Frankfurt(Main),CITY,101,Frankfurt(Main)Hbf,105,Frankfurt-Nied,2049
Frankfurt(Main),CITY,101,Frankfurt(Main)Hbf,105,Frankfurt-Niederrad,2050
Frankfurt(Main),CITY,101,Frankfurt(Main)Hbf,105,Frankfurt-Rödelheim,2052
Frankfurt(Main),CITY,101,Frankfurt(Main)Hbf,105,Frankfurt-Sindlingen,2053
Frankfurt(Main),CITY,101,Frankfurt(Main)Hbf,105,Frankfurt-Sossenheim,2054
Frankfurt(Main),CITY,101,Frankfurt(Main)Hbf,105,Frankfurt-Unterlied.,3417
Frankfurt(Main),CITY,101,Frankfurt(Main)Hbf,105,Frankfurt-Zeilsheim,2055
Frankfurt(Main),CITY,101,Frankfurt(Main)Hbf,105,Liederbach-Süd,3453
Frankfurt(Main),TARIF,71,Frankfurt(Main)Hbf,105,Frankfurt(M)Gallusw.,6690
Frankfurt(Main),TARIF,71,Frankfurt(Main)Hbf,105,Frankfurt(M)Hauptw.,6692
Frankfurt(Main),TARIF,71,Frankfurt(Main)Hbf,105,Frankfurt(M)Konst.,4429
Frankfurt(Main),TARIF,71,Frankfurt(Main)Hbf,105,Frankfurt(M)Lokalbf.,2038
Frankfurt(Main),TARIF,71,Frankfurt(Main)Hbf,105,Frankfurt(M)Mühlbg.,2034
Frankfurt(Main),TARIF,71,Frankfurt(Main)Hbf,105,Frankfurt(M)Ostend.,2058
Frankfurt(Main),TARIF,71,Frankfurt(Main)Hbf,105,Frankfurt(M)Stresem.,2059
Frankfurt(Main),TARIF,71,Frankfurt(Main)Hbf,105,Frankfurt(M)Tsanlage,6691
Frankfurt(Main),TARIF,71,Frankfurt(Main)Hbf,105,Frankfurt(Main)Hbf,105
Frankfurt(Main),TARIF,71,Frankfurt(Main)Hbf,105,Frankfurt(Main)Messe,2035
Frankfurt(Main),TARIF,71,Frankfurt(Main)Hbf,105,Frankfurt(Main)Süd,2041
Frankfurt(Main),TARIF,71,Frankfurt(Main)Hbf,105,Frankfurt(Main)West,2042
Frankfurt(Main),TARIF,71,Frankfurt(Main)Hbf,105,Frankfurt-Griesheim,2046
Frankfurt(Main),TARIF,71,Frankfurt(Main)Hbf,105,Frankfurt-Louisa,2047
Frankfurt(Main),TARIF,71,Frankfurt(Main)Hbf,105,Frankfurt-Niederrad,2050
Frankfurt(Oder),TARIF,71,Frankfurt(Oder),10113,Frankfurt(O)-Roseng,11559
Frankfurt(Oder),TARIF,71,Frankfurt(Oder),10113,Frankfurt(Oder),10113
Frankfurt(Oder),TARIF,71,Frankfurt(Oder),10113,Frankfurt(Oder)-Neub,11557
Freiburg(Brsg),CITY,101,Freiburg(Brsg)Hbf,107,Freiburg(Brsg)Hbf,107
Freiburg(Brsg),CITY,101,Freiburg(Brsg)Hbf,107,Freiburg-Herdern,2067
Freiburg(Brsg),CITY,101,Freiburg(Brsg)Hbf,107,Freiburg Klinikum,2077
Freiburg(Brsg),CITY,101,Freiburg(Brsg)Hbf,107,Freiburg-Landwasser,2066
Freiburg(Brsg),CITY,101,Freiburg(Brsg)Hbf,107,Freiburg-Littenweil.,2068
Freiburg(Brsg),CITY,101,Freiburg(Brsg)Hbf,107,Freiburg Messe/Uni,2064
Freiburg(Brsg),CITY,101,Freiburg(Brsg)Hbf,107,Freiburg-St Georgen,2069
Freiburg(Brsg),CITY,101,Freiburg(Brsg)Hbf,107,Freiburg-Wiehre,2070
Freiburg(Brsg),CITY,101,Freiburg(Brsg)Hbf,107,Freiburg-Zähringen,2071
Freiburg(Brsg),CITY,101,Freiburg(Brsg)Hbf,107,Gundelfingen(Breisg),2465
Freiburg(Brsg),TARIF,71,Freiburg(Brsg)Hbf,107,Freiburg(Brsg)Hbf,107
Freiburg(Brsg),TARIF,71,Freiburg(Brsg)Hbf,107,Freiburg-Herdern,2067
Freiburg(Brsg),TARIF,71,Freiburg(Brsg)Hbf,107,Freiburg-Wiehre,2070
Freiburg(Brsg),TARIF,71,Freiburg(Brsg)Hbf,107,Freiburg-Zähringen,2071
Freising,CITY,101,Freising,2078,Freising,2078
Freising,CITY,101,Freising,2078,Pulling(b Freising),4900
Freudenstadt,TARIF,71,Freudenstadt Hbf,110,Freudenstadt Hbf,110
Freudenstadt,TARIF,71,Freudenstadt Hbf,110,Freudenstadt Schulen,2090
Freudenstadt,TARIF,71,Freudenstadt Hbf,110,Freudenstadt Stadt,2091
Friedberg,TARIF,1,Friedberg(Hess),111,Friedberg Süd,2105
Friedrichroda,TARIF,31,Friedrichroda,11578,Friedrichroda,11578
Friedrichroda,TARIF,31,Friedrichroda,11578,Reinhardsbrunn-Fried,12742
Friedrichshafen,CITY,101,Friedrichshafen St.,112,Friedrichshafen-Fiba,2111
Friedrichshafen,CITY,101,Friedrichshafen St.,112,Friedrichshafen Flug,2120
Friedrichshafen,CITY,101,Friedrichshafen St.,112,Friedrichshafen Haf.,2110
Friedrichshafen,CITY,101,Friedrichshafen St.,112,Friedrichshafen-Kluf,3345
Friedrichshafen,CITY,101,Friedrichshafen St.,112,Friedrichshafen LRA,2122
Friedrichshafen,CITY,101,Friedrichshafen St.,112,Friedrichshafen-Manz,3850
Friedrichshafen,CITY,101,Friedrichshafen St.,112,Friedrichshafen Ost,2030
Friedrichshafen,CITY,101,Friedrichshafen St.,112,Friedrichshafen St.,112
Friedrichshafen,CITY,101,Friedrichshafen St.,112,Löwental,3733
Friedrichshafen,TARIF,1,Friedrichshafen St.,112,Friedrichshafen Haf.,2110
Friedrichshafen,TARIF,1,Friedrichshafen St.,112,Friedrichshafen St.,112
Fulda,CITY,101,Fulda,115,Fulda,115
Fürth(Bay),CITY,101,Fürth(Bay)Hbf,114,Alte Veste,511
Fürth(Bay),CITY,101,Fürth(Bay)Hbf,114,Fürth(Bay)Hbf,114
Fürth(Bay),CITY,101,Fürth(Bay)Hbf,114,Fürth-Burgfarrnbach,2152
Fürth(Bay),CITY,101,Fürth(Bay)Hbf,114,Fürth-Dambach,2153
Fürth(Bay),CITY,101,Fürth(Bay)Hbf,114,Fürth-Klinikum,2154
Fürth(Bay),CITY,101,Fürth(Bay)Hbf,114,Fürth-Unterfürberg,2155
Fürth(Bay),CITY,101,Fürth(Bay)Hbf,114,Fürth Westvorstadt,2149
Fürth(Bay),CITY,101,Fürth(Bay)Hbf,114,Vach,6052
Gamburg(Taubert),TARIF,51,Gamburg(Tauber),2177,Gamburg(Tauber),2177
Gamburg(Taubert),TARIF,51,Gamburg(Tauber),2177,Niklashausen,4437
Geisingen-Kirchen,TARIF,1,Geisingen-Kirchen,2213,Geisingen-Hausen,2204
Geisingen-Kirchen,TARIF,1,Geisingen-Kirchen,2213,Geisingen-Kirchen,2213
Gelsenk.-Buer N,CITY,101,Gelsenkirchen-Buer N,2224,Gelsenkirchen-Buer N,2224
Gelsenk.-Buer N,CITY,101,Gelsenkirchen-Buer N,2224,Gelsenkirchen-Hassel,2226
Gelsenk.-Buer S,CITY,101,Gelsenkirchen-Buer S,2225,Gelsenkirchen-Buer S,2225
Gelsenk.-Buer S,CITY,101,Gelsenkirchen-Buer S,2225,Gelsenkirchen Zoo,2223
Gelsenkirchen,CITY,101,Gelsenkirchen Hbf,118,Gelsenkirchen Hbf,118
Gelsenkirchen,CITY,101,Gelsenkirchen Hbf,118,Gelsenkirchen-Rotth.,2227
Gera,CITY,101,Gera Hbf,10125,Gera Hbf,10125
Gera,CITY,101,Gera Hbf,10125,Gera-Langenberg,11619
Gera,CITY,101,Gera Hbf,10125,Gera Süd,10126
Gera,CITY,101,Gera Hbf,10125,Gera-Zwötzen,11623
Germersheim,TARIF,1,Germersheim,376,Germersheim,376
Germersheim,TARIF,1,Germersheim,376,Germersheim Mitte/R.,2239
Germersheim,TARIF,1,Germersheim,376,Germersheim Süd/N.,2241
Gießen,CITY,101,Gießen,124,Gießen,124
Gießen,CITY,101,Gießen,124,Gießen Erdkaut Weg,1826
Gießen,CITY,101,Gießen,124,Gießen Licher Str,3674
Gießen,CITY,101,Gießen,124,Gießen-Oswaldsgart.,2269
Göppingen,CITY,101,Göppingen,127,Göppingen,127
Göttingen,CITY,101,Göttingen,128,Göttingen,128
Graben-Neudorf,TARIF,1,Graben-Neudorf,131,Graben-Neudorf,131
Graben-Neudorf,TARIF,1,Graben-Neudorf,131,Graben-Neudorf Nord,2345
Gräfenroda,TARIF,31,Gräfenroda,10137,Gräfenroda,10137
Greifswald,CITY,101,Greifswald,10139,Greifswald,10139
Greifswald,CITY,101,Greifswald,10139,Greifswald Süd,11694
Gütersloh,CITY,101,Gütersloh Hbf,2461,Gütersloh Hbf,2461
Gütersloh,CITY,101,Gütersloh Hbf,2461,Isselhorst-Avenwedde,3096
Hagen,CITY,101,Hagen Hbf,142,Dahl,1357
Hagen,CITY,101,Hagen Hbf,142,Hagen Hbf,142
Hagen,CITY,101,Hagen Hbf,142,Hagen-Heubing,2512
Hagen,CITY,101,Hagen Hbf,142,Hagen-Oberhagen,2514
Hagen,CITY,101,Hagen Hbf,142,Hagen-Vorhalle,977
Hagen,CITY,101,Hagen Hbf,142,Hagen-Wehringhausen,6712
Hagen,CITY,101,Hagen Hbf,142,Hagen-Westerbauer,4440
Hagen,CITY,101,Hagen Hbf,142,Hohenlimburg,2953
Hagen,CITY,101,Hagen Hbf,142,Rummenohl,5227
Halle(Saale),CITY,101,Halle(Saale)Hbf,10159,Angersdorf,11043
Halle(Saale),CITY,101,Halle(Saale)Hbf,10159,Halle(Saale)Hbf,10159
Halle(Saale),CITY,101,Halle(Saale)Hbf,10159,Halle-Ammendorf,10162
Halle(Saale),CITY,101,Halle(Saale)Hbf,10159,Halle Dessauer Br,10164
Halle(Saale),CITY,101,Halle(Saale)Hbf,10159,Halle Messe,10155
Halle(Saale),CITY,101,Halle(Saale)Hbf,10159,Halle-Neustadt,10160
Halle(Saale),CITY,101,Halle(Saale)Hbf,10159,Halle-Nietleben,11813
Halle(Saale),CITY,101,Halle(Saale)Hbf,10159,Halle Rosengarten,10165
Halle(Saale),CITY,101,Halle(Saale)Hbf,10159,Halle-Silberhöhe,13448
Halle(Saale),CITY,101,Halle(Saale)Hbf,10159,Halle Steintorbr,10180
Halle(Saale),CITY,101,Halle(Saale)Hbf,10159,Halle Südstadt,10190
Halle(Saale),CITY,101,Halle(Saale)Hbf,10159,Halle-Trotha,11814
Halle(Saale),CITY,101,Halle(Saale)Hbf,10159,Halle Wohnstadt Nord,10187
Halle(Saale),CITY,101,Halle(Saale)Hbf,10159,Halle Zoo,10200
Halle(Saale),CITY,101,Halle(Saale)Hbf,10159,Halle Zscherbener S,10197
Halle(Saale),CITY,101,Halle(Saale)Hbf,10159,Zscherben,13425
Hamburg,CITY,101,Hamburg-Sternschanze,146,Ahrensburg,446
Hamburg,CITY,101,Hamburg-Sternschanze,146,Ahrensburg-Gartenh.,480
Hamburg,CITY,101,Hamburg-Sternschanze,146,Halstenbek,2545
Hamburg,CITY,101,Hamburg-Sternschanze,146,Hamburg Airport,2547
Hamburg,CITY,101,Hamburg-Sternschanze,146,Hamburg-Allermöhe,779
Hamburg,CITY,101,Hamburg-Sternschanze,146,Hamburg Alte Wöhr,512
Hamburg,CITY,101,Hamburg-Sternschanze,146,Hamburg-Altona,2553
Hamburg,CITY,101,Hamburg-Sternschanze,146,Hamburg-Bahrenfeld,780
Hamburg,CITY,101,Hamburg-Sternschanze,146,Hamburg-Barmbek,805
Hamburg,CITY,101,Hamburg-Sternschanze,146,Hamburg-Bergedorf,2554
Hamburg,CITY,101,Hamburg-Sternschanze,146,Hamburg Berliner Tor,908
Hamburg,CITY,101,Hamburg-Sternschanze,146,Hamburg Billw.Moorfl,971
Hamburg,CITY,101,Hamburg-Sternschanze,146,Hamburg-Blankenese,1007
Hamburg,CITY,101,Hamburg-Sternschanze,146,Hamburg Dammtor,2548
Hamburg,CITY,101,Hamburg-Sternschanze,146,Hamburg Diebsteich,1438
Hamburg,CITY,101,Hamburg-Sternschanze,146,Hamburg-Eidelstedt,2555
Hamburg,CITY,101,Hamburg-Sternschanze,146,Hamburg Elbbrücken,2551
Hamburg,CITY,101,Hamburg-Sternschanze,146,Hamburg Elbgaustr.,1739
Hamburg,CITY,101,Hamburg-Sternschanze,146,Hamburg Friedrichsb.,2106
Hamburg,CITY,101,Hamburg-Sternschanze,146,Hamburg-Hammerbrook,4266
Hamburg,CITY,101,Hamburg-Sternschanze,146,Hamburg Hasselbrook,2628
Hamburg,CITY,101,Hamburg-Sternschanze,146,Hamburg Hbf,2549
Hamburg,CITY,101,Hamburg-Sternschanze,146,Hamburg Hochkamp,2873
Hamburg,CITY,101,Hamburg-Sternschanze,146,Hamburg Hoheneichen,2946
Hamburg,CITY,101,Hamburg-Sternschanze,146,Hamburg Holstenstr.,2550
Hamburg,CITY,101,Hamburg-Sternschanze,146,Hamburg-Iserbrook,3088
Hamburg,CITY,101,Hamburg-Sternschanze,146,Hamburg Jungfernst.,3137
Hamburg,CITY,101,Hamburg-Sternschanze,146,Hamburg Klein Flottb,3312
Hamburg,CITY,101,Hamburg-Sternschanze,146,Hamburg Königstr.,6706
Hamburg,CITY,101,Hamburg-Sternschanze,146,Hamburg Kornweg/Kl.B,3410
Hamburg,CITY,101,Hamburg-Sternschanze,146,Hamburg Landungsbr.,3518
Hamburg,CITY,101,Hamburg-Sternschanze,146,Hamburg Landwehr,3519
Hamburg,CITY,101,Hamburg-Sternschanze,146,Hamburg-Langenfelde,3541
Hamburg,CITY,101,Hamburg-Sternschanze,146,Hamburg Mittl.Lanw.,4048
Hamburg,CITY,101,Hamburg-Sternschanze,146,Hamburg-Nettelnburg,4241
Hamburg,CITY,101,Hamburg-Sternschanze,146,Hamburg-Ohlsdorf,4661
Hamburg,CITY,101,Hamburg-Sternschanze,146,Hamburg-Othmarschen,4719
Hamburg,CITY,101,Hamburg-Sternschanze,146,Hamburg-Ottensen,2562
Hamburg,CITY,101,Hamburg-Sternschanze,146,Hamburg-Poppenb.,4862
Hamburg,CITY,101,Hamburg-Sternschanze,146,Hamburg-Rahlstedt,2558
Hamburg,CITY,101,Hamburg-Sternschanze,146,Hamburg Reeperbahn,6705
Hamburg,CITY,101,Hamburg-Sternschanze,146,Hamburg-Rissen,5106
Hamburg,CITY,101,Hamburg-Sternschanze,146,Hamburg-Rothenb.Ort,5191
Hamburg,CITY,101,Hamburg-Sternschanze,146,Hamburg Rübenkamp,5207
Hamburg,CITY,101,Hamburg-Sternschanze,146,Hamburg Stadthausbr.,5663
Hamburg,CITY,101,Hamburg-Sternschanze,146,Hamburg-Stellingen,2559
Hamburg,CITY,101,Hamburg-Sternschanze,146,Hamburg-Sternschanze,146
Hamburg,CITY,101,Hamburg-Sternschanze,146,Hamburg-Sülldorf,5785
Hamburg,CITY,101,Hamburg-Sternschanze,146,Hamburg-Tiefstack,5870
Hamburg,CITY,101,Hamburg-Sternschanze,146,Hamburg-Tonndorf,6197
Hamburg,CITY,101,Hamburg-Sternschanze,146,Hamburg Wandsb.Chaus,6198
Hamburg,CITY,101,Hamburg-Sternschanze,146,Hamburg-Wellingsb.,6319
Hamburg,CITY,101,Hamburg-Sternschanze,146,Krupunder,3460
Hamburg,CITY,101,Hamburg-Sternschanze,146,Pinneberg,4819
Hamburg,CITY,101,Hamburg-Sternschanze,146,Prisdorf,4888
Hamburg,CITY,101,Hamburg-Sternschanze,146,Reinbek,5016
Hamburg,CITY,101,Hamburg-Sternschanze,146,Thesdorf,5858
Hamburg,CITY,101,Hamburg-Sternschanze,146,Wedel(Holst),6236
Hamburg,TARIF,71,Hamburg-Sternschanze,146,Hamburg-Altona,2553
Hamburg,TARIF,71,Hamburg-Sternschanze,146,Hamburg Dammtor,2548
Hamburg,TARIF,71,Hamburg-Sternschanze,146,Hamburg Hbf,2549
Hamburg,TARIF,71,Hamburg-Sternschanze,146,Hamburg Holstenstr.,2550
Hamburg,TARIF,71,Hamburg-Sternschanze,146,Hamburg Jungfernst.,3137
Hamburg,TARIF,71,Hamburg-Sternschanze,146,Hamburg Königstr.,6706
Hamburg,TARIF,71,Hamburg-Sternschanze,146,Hamburg Landungsbr.,3518
Hamburg,TARIF,71,Hamburg-Sternschanze,146,Hamburg Reeperbahn,6705
Hamburg,TARIF,71,Hamburg-Sternschanze,146,Hamburg Stadthausbr.,5663
Hamburg,TARIF,71,Hamburg-Sternschanze,146,Hamburg-Sternschanze,146
Hamburg-Harburg,CITY,101,Hamburg-Harburg,147,Ashausen,627
Hamburg-Harburg,CITY,101,Hamburg-Harburg,147,Hamburg-Fischbek,2556
Hamburg-Harburg,CITY,101,Hamburg-Harburg,147,Hamburg-Harburg,147
Hamburg-Harburg,CITY,101,Hamburg-Harburg,147,Hamburg-Harburg Rath,4267
Hamburg-Harburg,CITY,101,Hamburg-Harburg,147,Hamburg-Heimfeld,6749
Hamburg-Harburg,CITY,101,Hamburg-Harburg,147,Hamburg-Neugraben,2557
Hamburg-Harburg,CITY,101,Hamburg-Harburg,147,Hamburg Neuwiedenth.,6750
Hamburg-Harburg,CITY,101,Hamburg-Harburg,147,Hamburg-Veddel,6062
Hamburg-Harburg,CITY,101,Hamburg-Harburg,147,Hamburg-Wilhelmsburg,2561
Hamburg-Harburg,CITY,101,Hamburg-Harburg,147,Hittfeld,2864
Hamburg-Harburg,CITY,101,Hamburg-Harburg,147,Klecken,3309
Hamburg-Harburg,CITY,101,Hamburg-Harburg,147,Maschen,3906
Hamburg-Harburg,CITY,101,Hamburg-Harburg,147,Meckelfeld,3929
Hamburg-Harburg,CITY,101,Hamburg-Harburg,147,Neu Wulmstorf,4247
Hamburg-Harburg,CITY,101,Hamburg-Harburg,147,Stelle,5717
Hamburg-Harburg,TARIF,1,Hamburg-Harburg,147,Hamburg-Harburg,147
Hamburg-Harburg,TARIF,1,Hamburg-Harburg,147,Hamburg-Harburg Rath,4267
Hameln,CITY,101,Hameln,148,Hameln,148
Hamm(Westf),CITY,101,Hamm(Westf)Hbf,149,Hamm(Westf)Hbf,149
Hamm(Westf),CITY,101,Hamm(Westf)Hbf,149,Hamm-Bockum-Hövel,1045
Hamm(Westf),CITY,101,Hamm(Westf)Hbf,149,Hamm-Heessen,2680
Hanau,CITY,101,Hanau Hbf,150,Großauheim(Kr Hu),2400
Hanau,CITY,101,Hanau Hbf,150,Hanau Hbf,150
Hanau,CITY,101,Hanau Hbf,150,Hanau Klein-Auheim,3311
Hanau,CITY,101,Hanau Hbf,150,Hanau Nord,2572
Hanau,CITY,101,Hanau Hbf,150,Hanau West,2573
Hanau,CITY,101,Hanau Hbf,150,Hanau-Wilhelmsbad,2574
Hanau,CITY,101,Hanau Hbf,150,Steinheim(Main),5706
Hanau,CITY,101,Hanau Hbf,150,Wolfgang(Kr Hanau),6548
Hanau,TARIF,71,Hanau Hbf,150,Hanau Hbf,150
Hanau,TARIF,71,Hanau Hbf,150,Hanau Nord,2572
Hanau,TARIF,71,Hanau Hbf,150,Hanau West,2573
Hannover,CITY,101,Hannover Hbf,152,Hannover Ander.Misb.,578
Hannover,CITY,101,Hannover Hbf,152,Hannover Bismarckstr,2580
Hannover,CITY,101,Hannover Hbf,152,Hannover-Bornum,2581
Hannover,CITY,101,Hannover Hbf,152,Hannover Hbf,152
Hannover,CITY,101,Hannover Hbf,152,Hannover-Kleefeld,2584
Hannover,CITY,101,Hannover Hbf,152,Hannover-Ledeburg,2583
Hannover,CITY,101,Hannover Hbf,152,Hannover-Leinhausen,2585
Hannover,CITY,101,Hannover Hbf,152,Hannover-Linden/Fi.,2586
Hannover,CITY,101,Hannover Hbf,152,Hannover-Nordstadt,2576
Hannover,CITY,101,Hannover Hbf,152,Hannover-Vinnhorst,6089
Hannover,CITY,101,Hannover Hbf,152,Hannover Wiech-Allee,2591
Hannover,TARIF,71,Hannover Hbf,152,Hannover Bismarckstr,2580
Hannover,TARIF,71,Hannover Hbf,152,Hannover Hbf,152
Hannover,TARIF,71,Hannover Hbf,152,Hannover-Kleefeld,2584
Hannover,TARIF,71,Hannover Hbf,152,HannoverMesseLaatzen,3487
Hannover,TARIF,71,Hannover Hbf,152,Hannover-Nordstadt,2576
Hannover,TARIF,71,Hannover Hbf,152,Hannover Wiech-Allee,2591
Heidelberg,CITY,101,Heidelberg Hbf,156,Heidelb.K/Rohrbach,2686
Heidelberg,CITY,101,Heidelberg Hbf,156,Heidelb.Orthopädie,2684
Heidelberg,CITY,101,Heidelberg Hbf,156,Heidelb.P/Wieblingen,2687
Heidelberg,CITY,101,Heidelberg Hbf,156,Heidelb.Sch/Z.hausen,5366
Heidelberg,CITY,101,Heidelberg Hbf,156,Heidelb.-W/S.stadt,2681
Heidelberg,CITY,101,Heidelberg Hbf,156,Heidelberg-Altstadt,2685
Heidelberg,CITY,101,Heidelberg Hbf,156,Heidelberg Hbf,156
Heidenheim,TARIF,1,Heidenheim,2689,Heidenheim Voithwerk,2693
Heilbronn,CITY,101,Heilbronn Hbf,157,Heilbr.Finanz/Pfühl,2714
Heilbronn,CITY,101,Heilbronn Hbf,157,Heilbr.Harmon/Fried,2701
Heilbronn,CITY,101,Heilbronn Hbf,157,Heilbr.Indpl/H-R-Str,2723
Heilbronn,CITY,101,Heilbronn Hbf,157,Heilbr.NeckarT/Rath,2713
Heilbronn,CITY,101,Heilbronn Hbf,157,Heilbr.Thr/Techschul,2722
Heilbronn,CITY,101,Heilbronn Hbf,157,Heilbr-Böckingen BZ,2698
Heilbronn,CITY,101,Heilbronn Hbf,157,Heilbronn Hbf,157
Heilbronn,CITY,101,Heilbronn Hbf,157,Heilbronn Kaufland,2726
Heilbronn,CITY,101,Heilbronn Hbf,157,Heilbronn Sülmertor,2699
Heilbronn,CITY,101,Heilbronn Hbf,157,Heilbronn Trappensee,2700
Heilbronn,TARIF,71,Heilbronn Hbf,157,Heilbr.Finanz/Pfühl,2714
Heilbronn,TARIF,71,Heilbronn Hbf,157,Heilbr.Harmon/Fried,2701
Heilbronn,TARIF,71,Heilbronn Hbf,157,Heilbr.Indpl/H-R-Str,2723
Heilbronn,TARIF,71,Heilbronn Hbf,157,Heilbr.NeckarT/Rath,2713
Heilbronn,TARIF,71,Heilbronn Hbf,157,Heilbr.Thr/Techschul,2722
Heilbronn,TARIF,71,Heilbronn Hbf,157,Heilbr-Böckingen BZ,2698
Heilbronn,TARIF,71,Heilbronn Hbf,157,Heilbronn Hbf,157
Heilbronn,TARIF,71,Heilbronn Hbf,157,Heilbronn Kaufland,2726
Heilbronn,TARIF,71,Heilbronn Hbf,157,Heilbronn Sülmertor,2699
Heilbronn,TARIF,71,Heilbronn Hbf,157,Heilbronn Trappensee,2700
Heinsberg,TARIF,71,Heinsberg-Dremmen,1557,Heinsberg,2721
Heinsberg,TARIF,71,Heinsberg-Dremmen,1557,Heinsberg-Dremmen,1557
Heinsberg,TARIF,71,Heinsberg-Dremmen,1557,Heinsberg-Horst,2719
Heinsberg,TARIF,71,Heinsberg-Dremmen,1557,Heinsberg-Kreishaus,2725
Heinsberg,TARIF,71,Heinsberg-Dremmen,1557,Heinsberg-Oberbruch,4519
Heinsberg,TARIF,71,Heinsberg-Dremmen,1557,Heinsberg-Porselen,2720
Heinsberg,TARIF,71,Heinsberg-Dremmen,1557,Heinsberg-Randerath,2718
Herford,CITY,101,Herford,162,Herford,162
Herne,CITY,101,Herne,164,Herne,164
Herne,CITY,101,Herne,164,Herne-Börnig,2779
Herzberg(Harz),TARIF,31,Herzberg(Harz),166,Herzberg Schloß,2800
Hildesheim,CITY,101,Hildesheim Hbf,169,Hildesheim Hbf,169
Hildesheim,CITY,101,Hildesheim Hbf,169,Hildesheim Ost,2830
Ilmenau,TARIF,40,Ilmenau Pörl. Höhe,11935,Ilmenau,10178
Ilmenau,TARIF,40,Ilmenau Pörl. Höhe,11935,Ilmenau Bad,11931
Ilmenau,TARIF,40,Ilmenau Pörl. Höhe,11935,Ilmenau Pörl. Höhe,11935
Ilmenau,TARIF,40,Ilmenau Pörl. Höhe,11935,Ilmenau-Roda,11932
Immendingen,TARIF,1,Immendingen,182,Immendingen Mitte,3061
Immendingen,TARIF,1,Immendingen,182,Immendingen Zimmern,3066
Ingolstadt,CITY,101,Ingolstadt Hbf,183,Ingolstadt Audi,3074
Ingolstadt,CITY,101,Ingolstadt Hbf,183,Ingolstadt Hbf,183
Ingolstadt,CITY,101,Ingolstadt Hbf,183,Ingolstadt Nord,3076
Iserlohn,CITY,101,Iserlohn,186,Hennen,2754
Iserlohn,CITY,101,Iserlohn,186,Iserlohn,186
Iserlohn,CITY,101,Iserlohn,186,Iserlohnerheide,3090
Iserlohn,CITY,101,Iserlohn,186,Kalthof(Kr Iserlohn),3166
Iserlohn,CITY,101,Iserlohn,186,Letmathe,227
Iserlohn,CITY,101,Iserlohn,186,Letmathe Dechenh.,3657
Iserlohn,TARIF,31,Iserlohn,186,Iserlohn,186
Jena,CITY,101,Jena Saalbf,11058,Jena-Göschwitz,10133
Jena,CITY,101,Jena Saalbf,11058,Jena Paradies,11956
Jena,CITY,101,Jena Saalbf,11058,Jena Saalbf,11058
Jena,CITY,101,Jena Saalbf,11058,Jena West,11957
Jena,CITY,101,Jena Saalbf,11058,Jena-Zwätzen,11958
Jena,CITY,101,Jena Saalbf,11058,Neue Schenke,12443
Jena,TARIF,31,Jena Saalbf,11058,Jena Paradies,11956
Jena,TARIF,31,Jena Saalbf,11058,Jena Saalbf,11058
Jena,TARIF,31,Jena Saalbf,11058,Jena-Zwätzen,11958
Kahl(Main),TARIF,1,Kahl(Main),3143,Kahl(Main),3143
Kahl(Main),TARIF,1,Kahl(Main),3143,Kahl Kopp/Heide,3142
Kaiserslautern,CITY,101,Kaiserslautern Hbf,189,Einsiedlerhof,1720
Kaiserslautern,CITY,101,Kaiserslautern Hbf,189,Galgenschanze,2175
Kaiserslautern,CITY,101,Kaiserslautern Hbf,189,Kaiserslautern Hbf,189
Kaiserslautern,CITY,101,Kaiserslautern Hbf,189,Kaiserslautern Pfaff,3150
Kaiserslautern,CITY,101,Kaiserslautern Hbf,189,Kaiserslautern West,3151
Kaiserslautern,CITY,101,Kaiserslautern Hbf,189,Kennelgarten,3232
Kaiserslautern,CITY,101,Kaiserslautern Hbf,189,Vogelweh,6100
Karlsruhe,CITY,101,Karlsruhe Hbf,191,Grötzingen,381
Karlsruhe,CITY,101,Karlsruhe Hbf,191,Karlsruhe Albtal. S1,3180
Karlsruhe,CITY,101,Karlsruhe Hbf,191,Karlsruhe-Durlach,3184
Karlsruhe,CITY,101,Karlsruhe Hbf,191,Karlsruhe-Hagsfeld,3185
Karlsruhe,CITY,101,Karlsruhe Hbf,191,Karlsruhe Hbf,191
Karlsruhe,CITY,101,Karlsruhe Hbf,191,Karlsruhe-Knielingen,3186
Karlsruhe,CITY,101,Karlsruhe Hbf,191,Karlsruhe-Mühlburg,3187
Karlsruhe,CITY,101,Karlsruhe Hbf,191,Karlsruhe West,3183
Karlsruhe,CITY,101,Karlsruhe Hbf,191,Maxau,3917
Karlsruhe,TARIF,1,Karlsruhe Hbf,191,Grötzingen,381
Karlsruhe,TARIF,1,Karlsruhe Hbf,191,Karlsruhe Albtal. S1,3180
Karlsruhe,TARIF,1,Karlsruhe Hbf,191,Karlsruhe-Durlach,3184
Karlsruhe,TARIF,1,Karlsruhe Hbf,191,Karlsruhe-Hagsfeld,3185
Karlsruhe,TARIF,1,Karlsruhe Hbf,191,Karlsruhe Hbf,191
Karlsruhe,TARIF,1,Karlsruhe Hbf,191,Karlsruhe-Knielingen,3186
Karlsruhe,TARIF,1,Karlsruhe Hbf,191,Karlsruhe-Mühlburg,3187
Karlsruhe,TARIF,1,Karlsruhe Hbf,191,Karlsruhe West,3183
Karlsruhe,TARIF,1,Karlsruhe Hbf,191,Maxau,3917
Kassel,CITY,101,Kassel-Wilhelmshöhe,3200,Kassel-Harleshausen,3196
Kassel,CITY,101,Kassel-Wilhelmshöhe,3200,Kassel Hbf,193
Kassel,CITY,101,Kassel-Wilhelmshöhe,3200,Kassel-Jungfernkopf,3197
Kassel,CITY,101,Kassel-Wilhelmshöhe,3200,Kassel-Oberzwehren,3199
Kassel,CITY,101,Kassel-Wilhelmshöhe,3200,Kassel-Wilhelmshöhe,3200
Kassel,TARIF,61,Kassel-Wilhelmshöhe,3200,Kassel-Harleshausen,3196
Kassel,TARIF,61,Kassel-Wilhelmshöhe,3200,Kassel Hbf,193
Kassel,TARIF,61,Kassel-Wilhelmshöhe,3200,Kassel-Wilhelmshöhe,3200
Kempten(Allgäu),TARIF,31,Kempten(Allgäu)Hbf,197,Kempten(Allgäu)Hbf,197
Kempten(Allgäu),TARIF,31,Kempten(Allgäu)Hbf,197,Kempten(Allgäu)Ost,3230
Kempten(Allgäu),TARIF,31,Kempten(Allgäu)Hbf,197,St Mang,5653
Kiel,CITY,101,Kiel Hbf,199,Kiel-Ellerbek,3259
Kiel,CITY,101,Kiel Hbf,199,Kiel-Elmschenhagen,3477
Kiel,CITY,101,Kiel Hbf,199,Kiel-Hassee CITTI-P.,3474
Kiel,CITY,101,Kiel Hbf,199,Kiel Hbf,199
Kiel,CITY,101,Kiel Hbf,199,Kiel-Oppendorf,3260
Kiel,CITY,101,Kiel Hbf,199,Kiel-Russee,3253
Kiel,CITY,101,Kiel Hbf,199,Kiel Schulen Langsee,3251
Kiel,CITY,101,Kiel Hbf,199,Kronshagen,3479
Kiel,CITY,101,Kiel Hbf,199,Melsdorf,3960
Kiel,CITY,101,Kiel Hbf,199,Raisdorf,4924
Kiel,CITY,101,Kiel Hbf,199,Suchsdorf,5781
Koblenz,CITY,101,Koblenz Hbf,206,Koblenz-Ehrenbreit.,3351
Koblenz,CITY,101,Koblenz Hbf,206,Koblenz-Güls,2454
Koblenz,CITY,101,Koblenz Hbf,206,Koblenz Hbf,206
Koblenz,CITY,101,Koblenz Hbf,206,Koblenz-Lützel,3352
Koblenz,CITY,101,Koblenz Hbf,206,Koblenz-Moselweiß,3354
Koblenz,CITY,101,Koblenz Hbf,206,Koblenz Stadtmitte,3341
Koblenz,TARIF,31,Koblenz Hbf,206,Koblenz-Ehrenbreit.,3351
Koblenz,TARIF,31,Koblenz Hbf,206,Koblenz Hbf,206
Koblenz,TARIF,31,Koblenz Hbf,206,Koblenz-Lützel,3352
Koblenz,TARIF,31,Koblenz Hbf,206,Koblenz Stadtmitte,3341
Köln,CITY,101,Köln Hbf,207,Köln/Bonn Flughafen,3330
Köln,CITY,101,Köln Hbf,207,Köln Airport-Busin.,3370
Köln,CITY,101,Köln Hbf,207,Köln-Blumenberg,3359
Köln,CITY,101,Köln Hbf,207,Köln-Buchforst,3364
Köln,CITY,101,Köln Hbf,207,Köln-Chorweiler,3365
Köln,CITY,101,Köln Hbf,207,Köln-Chorweiler N,3366
Köln,CITY,101,Köln Hbf,207,Köln-Dellbrück,3367
Köln,CITY,101,Köln Hbf,207,Köln-Ehrenfeld,208
Köln,CITY,101,Köln Hbf,207,Köln Frankfurter St,3358
Köln,CITY,101,Köln Hbf,207,Köln Geldernstr/P.,3360
Köln,CITY,101,Köln Hbf,207,Köln Hansaring,3392
Köln,CITY,101,Köln Hbf,207,Köln Hbf,207
Köln,CITY,101,Köln Hbf,207,Köln-Holweide,3369
Köln,CITY,101,Köln Hbf,207,Köln-Longerich,3371
Köln,CITY,101,Köln Hbf,207,Köln Messe/Deutz,3368
Köln,CITY,101,Köln Hbf,207,Köln-Mülheim,209
Köln,CITY,101,Köln Hbf,207,Köln-Müngersdorf T,3375
Köln,CITY,101,Köln Hbf,207,Köln-Nippes,3372
Köln,CITY,101,Köln Hbf,207,Köln-Stammheim,3310
Köln,CITY,101,Köln Hbf,207,Köln Steinstraße,3379
Köln,CITY,101,Köln Hbf,207,Köln Süd,3361
Köln,CITY,101,Köln Hbf,207,Köln Trimbornstr,3320
Köln,CITY,101,Köln Hbf,207,Köln Volkhov.Weg,3362
Köln,CITY,101,Köln Hbf,207,Köln-Weiden West,3383
Köln,CITY,101,Köln Hbf,207,Köln West,3363
Köln,CITY,101,Köln Hbf,207,Köln-Worringen,3373
Köln,CITY,101,Köln Hbf,207,Lövenich,3732
Köln,CITY,101,Köln Hbf,207,Porz(Rhein),4869
Köln,CITY,101,Köln Hbf,207,Porz-Wahn,4873
Köln,TARIF,1,Köln Hbf,207,Köln Hansaring,3392
Köln,TARIF,1,Köln Hbf,207,Köln Hbf,207
Köln,TARIF,1,Köln Hbf,207,Köln Messe/Deutz,3368
Konstanz,CITY,101,Konstanz,3400,Konstanz,3400
Konstanz,CITY,101,Konstanz,3400,Konstanz-Fürstenb.,3404
Konstanz,CITY,101,Konstanz,3400,Konstanz-Petersh.,3401
Konstanz,CITY,101,Konstanz,3400,Konstanz-Wollmat,3416
Krefeld,CITY,101,Krefeld Hbf,211,Forsthaus,2027
Krefeld,CITY,101,Krefeld Hbf,211,Krefeld Hbf,211
Krefeld,CITY,101,Krefeld Hbf,211,Krefeld-Hoh.Chempark,2941
Krefeld,CITY,101,Krefeld Hbf,211,Krefeld-Linn,3426
Krefeld,CITY,101,Krefeld Hbf,211,Krefeld-Oppum,212
Krefeld,CITY,101,Krefeld Hbf,211,Krefeld-Uerdingen,3427
Kreuztal,TARIF,31,Kreuztal,214,Kreuztal,214
Landshut,CITY,101,Landshut(Bay)Hbf,217,Landshut(Bay)Hbf,217
Landshut,CITY,101,Landshut(Bay)Hbf,217,Landshut(Bay)Süd,3514
Lauda,TARIF,51,Lauda,221,Königshofen(Baden),3381
Lauda,TARIF,51,Lauda,221,Lauda,221
Leingarten Mitte,TARIF,1,Leingarten Mitte,3625,Leingarten,3623
Leingarten Mitte,TARIF,1,Leingarten Mitte,3625,Leingarten Mitte,3625
Leipzig,CITY,101,Leipzig Hbf,10205,Leipzig Allee-Center,13070
Leipzig,CITY,101,Leipzig Hbf,10205,Leipzig Ang-Crottdf,10008
Leipzig,CITY,101,Leipzig Hbf,10205,Leipzig Bayer Bf,12184
Leipzig,CITY,101,Leipzig Hbf,10205,Leipzig-Connewitz,10206
Leipzig,CITY,101,Leipzig Hbf,10205,Leipzig Coppiplatz,11310
Leipzig,CITY,101,Leipzig Hbf,10205,Leipzig-Engelsdorf,11491
Leipzig,CITY,101,Leipzig Hbf,10205,Leipzig Essener Str.,12200
Leipzig,CITY,101,Leipzig Hbf,10205,Leipzig-Gohlis,12188
Leipzig,CITY,101,Leipzig Hbf,10205,Leipzig Grünauer A,11771
Leipzig,CITY,101,Leipzig Hbf,10205,Leipzig Hbf,10205
Leipzig,CITY,101,Leipzig Hbf,10205,Leipzig-Heiterblick,12190
Leipzig,CITY,101,Leipzig Hbf,10205,Leipzig-Holzhausen,11913
Leipzig,CITY,101,Leipzig Hbf,10205,Leipzig Karlsr Str,10186
Leipzig,CITY,101,Leipzig Hbf,10205,Leipzig-Knauthain,12192
Leipzig,CITY,101,Leipzig Hbf,10205,Leipzig-Leutzsch,10207
Leipzig,CITY,101,Leipzig Hbf,10205,Leipzig-Liebertwolkw,12228
Leipzig,CITY,101,Leipzig Hbf,10205,Leipzig-Lindenau,12236
Leipzig,CITY,101,Leipzig Hbf,10205,Leipzig-Lützschena,12285
Leipzig,CITY,101,Leipzig Hbf,10205,Leipzig Markt,12186
Leipzig,CITY,101,Leipzig Hbf,10205,Leipzig MDR,12187
Leipzig,CITY,101,Leipzig Hbf,10205,Leipzig Messe,12478
Leipzig,CITY,101,Leipzig Hbf,10205,Leipzig Milt. Allee,12344
Leipzig,CITY,101,Leipzig Hbf,10205,Leipzig-Miltitz,12355
Leipzig,CITY,101,Leipzig Hbf,10205,Leipzig Mockauer Str,12273
Leipzig,CITY,101,Leipzig Hbf,10205,Leipzig-Möckern,12193
Leipzig,CITY,101,Leipzig Hbf,10205,Leipzig-Mölkau,12375
Leipzig,CITY,101,Leipzig Hbf,10205,Leipzig Nord,12196
Leipzig,CITY,101,Leipzig Hbf,10205,Leipzig Olbrichtstr.,12181
Leipzig,CITY,101,Leipzig Hbf,10205,Leipzig-Paunsdorf,10208
Leipzig,CITY,101,Leipzig Hbf,10205,Leipzig-Plagwitz,10209
Leipzig,CITY,101,Leipzig Hbf,10205,Leipzig-Rückmarsdf.,12817
Leipzig,CITY,101,Leipzig Hbf,10205,Leipzig-Sellerhausen,12983
Leipzig,CITY,101,Leipzig Hbf,10205,Leipzig Slevogtstr.,12204
Leipzig,CITY,101,Leipzig Hbf,10205,Leipzig-Stötteritz,12194
Leipzig,CITY,101,Leipzig Hbf,10205,Leipzig-Thekla,12195
Leipzig,CITY,101,Leipzig Hbf,10205,Leipzig Völkersch.,12343
Leipzig,CITY,101,Leipzig Hbf,10205,Leipzig-Wahren,12197
Leipzig,CITY,101,Leipzig Hbf,10205,Leipzig Werkstätten,11495
Leipzig,CITY,101,Leipzig Hbf,10205,Leipzig W-Leuschn-Pl,12202
Leipzig,CITY,101,Leipzig Hbf,10205,Markkleeberg Nord,12304
Leipzig,TARIF,1,Leipzig Hbf,10205,Leipzig Bayer Bf,12184
Leipzig,TARIF,1,Leipzig Hbf,10205,Leipzig Hbf,10205
Leipzig,TARIF,1,Leipzig Hbf,10205,Leipzig Markt,12186
Leipzig,TARIF,1,Leipzig Hbf,10205,Leipzig W-Leuschn-Pl,12202
Lemgo,TARIF,1,Lemgo,3633,Lemgo,3633
Lemgo,TARIF,1,Lemgo,3633,Lemgo-Lüttfeld,3634
Leverkusen,CITY,101,Leverkusen Mitte,6713,Leverkusen Chempark,832
Leverkusen,CITY,101,Leverkusen Mitte,6713,Leverkusen-Küpper.,3668
Leverkusen,CITY,101,Leverkusen Mitte,6713,Leverkusen Mitte,6713
Leverkusen,CITY,101,Leverkusen Mitte,6713,Leverkusen-Rheindorf,3672
Limburg(Lahn),TARIF,1,Limburg(Lahn),229,Limburg(Lahn),229
Limburg(Lahn),TARIF,1,Limburg(Lahn),229,Limburg Süd,3680
Lindau,TARIF,50,Lindau-Insel,230,Lindau-Aeschach,3692
Lindau,TARIF,50,Lindau-Insel,230,Lindau-Insel,230
Lindau,TARIF,50,Lindau-Insel,230,Lindau-Reutin,3693
Lippstadt,CITY,101,Lippstadt,571,Dedinghausen,1394
Lippstadt,CITY,101,Lippstadt,571,Lippstadt,571
Lörrach,CITY,101,Lörrach Hbf,3729,Lörrach-Bromb./Hau,1191
Lörrach,CITY,101,Lörrach Hbf,3729,Lörrach Dammstraße,3736
Lörrach,CITY,101,Lörrach Hbf,3729,Lörrach-Haagen/Mess,2489
Lörrach,CITY,101,Lörrach Hbf,3729,Lörrach Hbf,3729
Lörrach,CITY,101,Lörrach Hbf,3729,Lörrach Museum/Burg,3737
Lörrach,CITY,101,Lörrach Hbf,3729,Lörrach Schw.waldst,3743
Lörrach,CITY,101,Lörrach Hbf,3729,Lörrach-Stetten,3730
Lörrach,CITY,101,Lörrach Hbf,3729,Riehen,5091
Lörrach,CITY,101,Lörrach Hbf,3729,Riehen Niederholz,5093
Lübeck,CITY,101,Lübeck Hbf,237,Lübeck Hbf,237
Lübeck,CITY,101,Lübeck Hbf,237,Lübeck Hochschulsta,3785
Lübeck,CITY,101,Lübeck Hbf,237,Lübeck St Jürgen,3774
Lübeck-Travemünde,TARIF,1,Lübeck-Travem.Hafen,3777,Lübeck-Travem.Hafen,3777
Lübeck-Travemünde,TARIF,1,Lübeck-Travem.Hafen,3777,Lübeck-Travem.Skan.,6704
Lübeck-Travemünde,TARIF,1,Lübeck-Travem.Hafen,3777,Lübeck-Travem.Str.,3778
Ludwigsburg,CITY,101,Ludwigsburg,235,Asperg,630
Ludwigsburg,CITY,101,Ludwigsburg,235,Favoritepark,1967
Ludwigsburg,CITY,101,Ludwigsburg,235,Kornwestheim Pbf,3411
Ludwigsburg,CITY,101,Ludwigsburg,235,Ludwigsburg,235
Ludwigshfn(Rh),CITY,101,Ludwigshafen(Rh)Hbf,236,Ludwigshafen(Rh)Hbf,236
Ludwigshfn(Rh),CITY,101,Ludwigshafen(Rh)Hbf,236,Ludwigshafen BASF S,2056
Ludwigshfn(Rh),CITY,101,Ludwigshafen(Rh)Hbf,236,Ludwigshafen Mitte,3759
Ludwigshfn(Rh),CITY,101,Ludwigshafen(Rh)Hbf,236,Ludwigshafen-Mundenh,3765
Ludwigshfn(Rh),CITY,101,Ludwigshafen(Rh)Hbf,236,Ludwigshafen-Oggersh,3766
Ludwigshfn(Rh),CITY,101,Ludwigshafen(Rh)Hbf,236,Ludwigshafen-Rheing.,3767
Ludwigshfn(Rh),CITY,101,Ludwigshafen(Rh)Hbf,236,Oggersheim RNV,4659
Ludwigshfn(Rh),CITY,101,Ludwigshafen(Rh)Hbf,236,Pfalzbau,4785
Ludwigshfn(Rh),CITY,101,Ludwigshafen(Rh)Hbf,236,Ruchheim,5204
Lüneburg,CITY,101,Lüneburg,238,Bardowick,801
Lüneburg,CITY,101,Lüneburg,238,Lüneburg,238
Magdeburg,CITY,101,Magdeburg Hbf,10224,Barleber See,11112
Magdeburg,CITY,101,Magdeburg Hbf,10224,Beyendorf,11181
Magdeburg,CITY,101,Magdeburg Hbf,10224,Magdeburg-Buckau,13456
Magdeburg,CITY,101,Magdeburg Hbf,10224,Magdeburg-Eichenw,12289
Magdeburg,CITY,101,Magdeburg Hbf,10224,Magdeburg Hasselpl,13457
Magdeburg,CITY,101,Magdeburg Hbf,10224,Magdeburg Hbf,10224
Magdeburg,CITY,101,Magdeburg Hbf,10224,Magdeburg Herrenkrug,13455
Magdeburg,CITY,101,Magdeburg Hbf,10224,Magdeburg-Neustadt,10226
Magdeburg,CITY,101,Magdeburg Hbf,10224,Magdeburg-Rothensee,10086
Magdeburg,CITY,101,Magdeburg Hbf,10224,Magdeburg-Salbke,12291
Magdeburg,CITY,101,Magdeburg Hbf,10224,Magdeburg SKET Ipark,13485
Magdeburg,CITY,101,Magdeburg Hbf,10224,Magdeburg-Sudenburg,12292
Magdeburg,CITY,101,Magdeburg Hbf,10224,Magdeburg Südost,12287
Magdeburg,TARIF,51,Magdeburg Hbf,10224,Magdeburg-Buckau,13456
Magdeburg,TARIF,51,Magdeburg Hbf,10224,Magdeburg Hasselpl,13457
Magdeburg,TARIF,51,Magdeburg Hbf,10224,Magdeburg Hbf,10224
Magdeburg,TARIF,51,Magdeburg Hbf,10224,Magdeburg Herrenkrug,13455
Magdeburg,TARIF,51,Magdeburg Hbf,10224,Magdeburg-Neustadt,10226
Magdeburg,TARIF,51,Magdeburg Hbf,10224,Magdeburg-Sudenburg,12292
Mainz,CITY,101,Mainz Hbf,240,Mainz-Gonsenheim,3817
Mainz,CITY,101,Mainz Hbf,240,Mainz Hbf,240
Mainz,CITY,101,Mainz Hbf,240,Mainz-Laubenheim,3819
Mainz,CITY,101,Mainz Hbf,240,Mainz-Marienborn,3820
Mainz,CITY,101,Mainz Hbf,240,Mainz-Mombach,3821
Mainz,CITY,101,Mainz Hbf,240,Mainz Nord,3815
Mainz,CITY,101,Mainz Hbf,240,Mainz Röm.Theater,3816
Mainz,CITY,101,Mainz Hbf,240,Mainz Waggonfabrik,6136
Mainz,TARIF,71,Mainz Hbf,240,Mainz-Gonsenheim,3817
Mainz,TARIF,71,Mainz Hbf,240,Mainz-Gustavsburg,3818
Mainz,TARIF,71,Mainz Hbf,240,Mainz Hbf,240
Mainz,TARIF,71,Mainz Hbf,240,Mainz-Laubenheim,3819
Mainz,TARIF,71,Mainz Hbf,240,Mainz-Marienborn,3820
Mainz,TARIF,71,Mainz Hbf,240,Mainz-Mombach,3821
Mainz,TARIF,71,Mainz Hbf,240,Mainz Nord,3815
Mainz,TARIF,71,Mainz Hbf,240,Mainz Röm.Theater,3816
Mainz,TARIF,71,Mainz Hbf,240,Mainz Waggonfabrik,6136
Mannheim,CITY,101,Mannheim Hbf,244,Mannheim ARENA/Maim.,3841
Mannheim,CITY,101,Mannheim Hbf,244,Mannheim-Friedrich.S,3842
Mannheim,CITY,101,Mannheim Hbf,244,Mannheim Hand./Jung.,6508
Mannheim,CITY,101,Mannheim Hbf,244,Mannheim Hbf,244
Mannheim,CITY,101,Mannheim Hbf,244,Mannheim-Käfertal,3843
Mannheim,CITY,101,Mannheim Hbf,244,Mannheim-Luzenberg,6509
Mannheim,CITY,101,Mannheim Hbf,244,Mannheim-Neckarau,3844
Mannheim,CITY,101,Mannheim Hbf,244,Mannheim-Neckarstadt,6511
Mannheim,CITY,101,Mannheim Hbf,244,Mannheim-Rheinau,3845
Mannheim,CITY,101,Mannheim Hbf,244,Mannheim-Seckenheim,3847
Mannheim,CITY,101,Mannheim Hbf,244,Mannheim-Waldhof,3848
Mannheim,CITY,101,Mannheim Hbf,244,Neu-Edingen/Fried.,631
Marburg,TARIF,51,Marburg(Lahn),337,Marburg(Lahn),337
Marburg,TARIF,51,Marburg(Lahn),337,Marburg Süd,3856
Marburg(Lahn),CITY,101,Marburg(Lahn),337,Marburg(Lahn),337
Marburg(Lahn),CITY,101,Marburg(Lahn),337,Marburg Süd,3856
Marburg(Lahn),CITY,101,Marburg(Lahn),337,Niederweimar,4420
Marktoberdorf,TARIF,1,Marktoberdorf,3885,Marktoberdorf,3885
Marktoberdorf,TARIF,1,Marktoberdorf,3885,Marktoberdorf Schule,3877
Maximiliansau,TARIF,1,Maximiliansau Eisenb,3923,Maximiliansau Eisenb,3923
Maximiliansau,TARIF,1,Maximiliansau Eisenb,3923,Maximiliansau-Im Rü,3911
Maximiliansau,TARIF,1,Maximiliansau Eisenb,3923,Maximiliansau West,3919
Mayen,TARIF,1,Mayen Ost,3940,Mayen Ost,3940
Mayen,TARIF,1,Mayen Ost,3940,Mayen West,3924
Meißen,TARIF,1,Meißen,12326,Meißen,12326
Meißen,TARIF,1,Meißen,12326,Meißen Altstadt,12318
Meißen,TARIF,1,Meißen,12326,Meißen Triebischtal,12327
Miltenberg,TARIF,51,Miltenberg,640,Breitendiel,1148
Miltenberg,TARIF,51,Miltenberg,640,Miltenberg,640
Minden(Westf),CITY,101,Minden(Westf),252,Minden(Westf),252
Moers,CITY,101,Moers,644,Moers,644
Möhringen(Baden),TARIF,1,Möhringen Rathaus,4067,Möhringen Bahnhof,4068
Möhringen(Baden),TARIF,1,Möhringen Rathaus,4067,Möhringen Rathaus,4067
Mömbris,TARIF,51,Mömbris-Mensenges,4059,Königshofen(Kahl),3387
Mömbris,TARIF,51,Mömbris-Mensenges,4059,Mömbris-Mensenges,4059
Mömbris,TARIF,51,Mömbris-Mensenges,4059,Niedersteinbach,4411
Mömbris,TARIF,51,Mömbris-Mensenges,4059,Schimborn,5348
Mömbris,TARIF,51,Mömbris-Mensenges,4059,Strötzbach,5759
Mönchengladb.,CITY,101,Mönchengladbach Hbf,253,Herrath,2784
Mönchengladb.,CITY,101,Mönchengladbach Hbf,253,Mönchengladbach-Gen,4061
Mönchengladb.,CITY,101,Mönchengladbach Hbf,253,Mönchengladbach Hbf,253
Mönchengladb.,CITY,101,Mönchengladbach Hbf,253,Mönchengladbach-Lü,1745
Mönchengladb.,CITY,101,Mönchengladbach Hbf,253,Mönchengladbach-Rhd,4063
Mönchengladb.,CITY,101,Mönchengladbach Hbf,253,Rheydt Hbf,318
Mönchengladb.,CITY,101,Mönchengladbach Hbf,253,Rheydt-Odenkirchen,5073
Mönchengladb.,CITY,101,Mönchengladbach Hbf,253,Wickrath,6391
Mülheim(Ruhr),CITY,101,Mülheim(Ruhr)Hbf,259,Mülheim(Ruhr)Hbf,259
Mülheim(Ruhr),CITY,101,Mülheim(Ruhr)Hbf,259,Mülheim(Ruhr)Styr.,687
Mülheim(Ruhr),CITY,101,Mülheim(Ruhr)Hbf,259,Mülheim(Ruhr)West,4122
Mülheim(Ruhr),TARIF,1,Mülheim(Ruhr)Hbf,259,Mülheim(Ruhr)Hbf,259
Mülheim(Ruhr),TARIF,1,Mülheim(Ruhr)Hbf,259,Mülheim(Ruhr)West,4122
München,CITY,101,München Hbf,261,Deisenhofen,1404
München,CITY,101,München Hbf,261,Fasanenpark,1963
München,CITY,101,München Hbf,261,Feldkirchen(b M),1973
München,CITY,101,München Hbf,261,Furth(b Deisenhofen),2161
München,CITY,101,München Hbf,261,Gräfelfing,2339
München,CITY,101,München Hbf,261,Gronsdorf,2383
München,CITY,101,München Hbf,261,Großhesselohe Isart,2422
München,CITY,101,München Hbf,261,Haar,2491
München,CITY,101,München Hbf,261,Harthaus,2610
München,CITY,101,München Hbf,261,Höllriegelskreuth,2899
München,CITY,101,München Hbf,261,Lochham,3720
München,CITY,101,München Hbf,261,München-Allach,4140
München,CITY,101,München Hbf,261,München-Aubing,4141
München,CITY,101,München Hbf,261,München-Berg a Laim,4142
München,CITY,101,München Hbf,261,München-Daglfing,4143
München,CITY,101,München Hbf,261,München Donnersb.,4128
München,CITY,101,München Hbf,261,München-Englschalk.,4144
München,CITY,101,München Hbf,261,München-Fasanerie,4145
München,CITY,101,München Hbf,261,München-Fasangarten,4146
München,CITY,101,München Hbf,261,München-Feldmoching,4147
München,CITY,101,München Hbf,261,München-Freiham,4181
München,CITY,101,München Hbf,261,München-Giesing,4148
München,CITY,101,München Hbf,261,München Hackerbr.,4129
München,CITY,101,München Hbf,261,München Harras,4130
München,CITY,101,München Hbf,261,München Hbf,261
München,CITY,101,München Hbf,261,München Heimeranpl.,5419
München,CITY,101,München Hbf,261,München Hirschgart.,4179
München,CITY,101,München Hbf,261,München Isartor,4131
München,CITY,101,München Hbf,261,München-Johannesk.,4149
München,CITY,101,München Hbf,261,München-Karlsfeld,4150
München,CITY,101,München Hbf,261,München Karlsplatz,4132
München,CITY,101,München Hbf,261,München-Laim,4151
München,CITY,101,München Hbf,261,München-Langwied,4152
München,CITY,101,München Hbf,261,München Leienfels.,4133
München,CITY,101,München Hbf,261,München Leuchtenb.,4134
München,CITY,101,München Hbf,261,München-Lochhausen,4153
München,CITY,101,München Hbf,261,München Marienplatz,4135
München,CITY,101,München Hbf,261,München-Mittersend.,4154
München,CITY,101,München Hbf,261,München-Moosach,4155
München,CITY,101,München Hbf,261,München-Neuaubing,4156
München,CITY,101,München Hbf,261,München-Neuperl.S,6696
München,CITY,101,München Hbf,261,München-Obermenzing,4157
München,CITY,101,München Hbf,261,München Ost,262
München,CITY,101,München Hbf,261,München-Pasing,4158
München,CITY,101,München Hbf,261,München-Perlach,4159
München,CITY,101,München Hbf,261,München-Riem,4160
München,CITY,101,München Hbf,261,München Rosenh.Pl.,4136
München,CITY,101,München Hbf,261,München Siemensw.,4137
München,CITY,101,München Hbf,261,München-Solln,4161
München,CITY,101,München Hbf,261,München St Martin.,4138
München,CITY,101,München Hbf,261,München-Trudering,4162
München,CITY,101,München Hbf,261,München-Untermenzin,4139
München,CITY,101,München Hbf,261,München-Westkreuz,4163
München,CITY,101,München Hbf,261,Neubiberg,4252
München,CITY,101,München Hbf,261,Ottobrunn,4733
München,CITY,101,München Hbf,261,Planegg,4827
München,CITY,101,München Hbf,261,Pullach,4899
München,CITY,101,München Hbf,261,Stockdorf,5735
München,CITY,101,München Hbf,261,Taufkirchen,5831
München,CITY,101,München Hbf,261,Unterföhring,5986
München,CITY,101,München Hbf,261,Unterhaching,5991
München Flughafen,TARIF,1,München Flughafen T,4168,München Flug Besuch,4167
München Flughafen,TARIF,1,München Flughafen T,4168,München Flughafen T,4168
Münster(Westf),CITY,101,Münster(Westf)Hbf,263,Münster(W)Zentrum N,4173
Münster(Westf),CITY,101,Münster(Westf)Hbf,263,Münster(Westf)Hbf,263
Münster(Westf),CITY,101,Münster(Westf)Hbf,263,Münster-Albachten,462
Münster(Westf),CITY,101,Münster(Westf)Hbf,263,Münster-Amelsbüren,569
Münster(Westf),CITY,101,Münster(Westf)Hbf,263,Münster-Häger,4426
Münster(Westf),CITY,101,Münster(Westf)Hbf,263,Münster-Hiltrup,2841
Münster(Westf),CITY,101,Münster(Westf)Hbf,263,Münster-Mecklenbeck,3934
Münster(Westf),CITY,101,Münster(Westf)Hbf,263,Münster-Roxel,4190
Münster(Westf),CITY,101,Münster(Westf)Hbf,263,Münster-Sprakel,5635
Neuenbürg(Enz),TARIF,31,Neuenbürg(Enz),4265,Neuenbürg(Enz),4265
Neuenbürg(Enz),TARIF,31,Neuenbürg(Enz),4265,Neuenbürg(Enz) Süd,4264
Neumünster,CITY,101,Neumünster,271,Neumünster,271
Neuss,CITY,101,Neuss Hbf,274,Büttgen,1261
Neuss,CITY,101,Neuss Hbf,274,Holzheim(b Neuss),2979
Neuss,CITY,101,Neuss Hbf,274,Kaarster Bahnhof,3141
Neuss,CITY,101,Neuss Hbf,274,Kaarster See,430
Neuss,CITY,101,Neuss Hbf,274,Kaarst IKEA,438
Neuss,CITY,101,Neuss Hbf,274,Kaarst Mitte/Holzb.,432
Neuss,CITY,101,Neuss Hbf,274,Neuss Allerheiligen,4335
Neuss,CITY,101,Neuss Hbf,274,Neuss Am Kaiser,4320
Neuss,CITY,101,Neuss Hbf,274,Neuss Hbf,274
Neuss,CITY,101,Neuss Hbf,274,Neuss Rheinpark Cent,4316
Neuss,CITY,101,Neuss Hbf,274,Neuss Süd,4317
Neuss,CITY,101,Neuss Hbf,274,Norf,4462
Neustadt(Wstr),CITY,101,Neustadt(Weinstr)Hbf,275,Neustadt(Weinstr)Hbf,275
Neustadt(Wstr),CITY,101,Neustadt(Weinstr)Hbf,275,Neustadt(Wstr) Süd,4306
Neustadt(Wstr),CITY,101,Neustadt(Weinstr)Hbf,275,Neustadt-Böbig,4489
Norddeich Mole,TARIF,1,Norddeich,4449,Norddeich,4449
Norddeich Mole,TARIF,1,Norddeich,4449,Norddeich Mole,4439
Nürnberg,CITY,101,Nürnberg Hbf,284,Fischbach(Nürnberg),1989
Nürnberg,CITY,101,Nürnberg Hbf,284,Katzwang,3214
Nürnberg,CITY,101,Nürnberg Hbf,284,Nürnberg-Dürrenhof,4442
Nürnberg,CITY,101,Nürnberg Hbf,284,Nürnberg-Dutzendt.,4476
Nürnberg,CITY,101,Nürnberg Hbf,284,Nürnberg-Eibach,4477
Nürnberg,CITY,101,Nürnberg Hbf,284,Nürnberg-Erlensteg.,4478
Nürnberg,CITY,101,Nürnberg Hbf,284,Nürnberg Frankensta,4493
Nürnberg,CITY,101,Nürnberg Hbf,284,Nürnberg-Gleißh.,5304
Nürnberg,CITY,101,Nürnberg Hbf,284,Nürnberg Hbf,284
Nürnberg,CITY,101,Nürnberg Hbf,284,Nürnberg-Laufamholz,4480
Nürnberg,CITY,101,Nürnberg Hbf,284,Nürnberg-Mögeldorf,4481
Nürnberg,CITY,101,Nürnberg Hbf,284,Nürnberg Nordost,4469
Nürnberg,CITY,101,Nürnberg Hbf,284,Nürnberg Ost,4471
Nürnberg,CITY,101,Nürnberg Hbf,284,Nürnberg Ostring,4470
Nürnberg,CITY,101,Nürnberg Hbf,284,Nürnberg-Rehhof,4491
Nürnberg,CITY,101,Nürnberg Hbf,284,Nürnberg-Reichelsd.,4483
Nürnberg,CITY,101,Nürnberg Hbf,284,Nürnberg Rothenb.,4473
Nürnberg,CITY,101,Nürnberg Hbf,284,Nürnberg-Sandreuth,4484
Nürnberg,CITY,101,Nürnberg Hbf,284,Nürnberg-Schweinau,4485
Nürnberg,CITY,101,Nürnberg Hbf,284,Nürnberg-Stein,4486
Nürnberg,CITY,101,Nürnberg Hbf,284,Nürnberg-Steinbühl,4487
Nürnberg,CITY,101,Nürnberg Hbf,284,Reichelsdorfer Kell.,4994
Nürnberg,TARIF,71,Nürnberg Hbf,284,Nürnberg-Dürrenhof,4442
Nürnberg,TARIF,71,Nürnberg Hbf,284,Nürnberg-Dutzendt.,4476
Nürnberg,TARIF,71,Nürnberg Hbf,284,Nürnberg-Eibach,4477
Nürnberg,TARIF,71,Nürnberg Hbf,284,Nürnberg Frankensta,4493
Nürnberg,TARIF,71,Nürnberg Hbf,284,Nürnberg-Gleißh.,5304
Nürnberg,TARIF,71,Nürnberg Hbf,284,Nürnberg Hbf,284
Nürnberg,TARIF,71,Nürnberg Hbf,284,Nürnberg-Mögeldorf,4481
Nürnberg,TARIF,71,Nürnberg Hbf,284,Nürnberg Ost,4471
Nürnberg,TARIF,71,Nürnberg Hbf,284,Nürnberg Ostring,4470
Nürnberg,TARIF,71,Nürnberg Hbf,284,Nürnberg-Rehhof,4491
Nürnberg,TARIF,71,Nürnberg Hbf,284,Nürnberg Rothenb.,4473
Nürnberg,TARIF,71,Nürnberg Hbf,284,Nürnberg-Sandreuth,4484
Nürnberg,TARIF,71,Nürnberg Hbf,284,Nürnberg-Schweinau,4485
Nürnberg,TARIF,71,Nürnberg Hbf,284,Nürnberg-Stein,4486
Nürnberg,TARIF,71,Nürnberg Hbf,284,Nürnberg-Steinbühl,4487
Oberhausen,CITY,101,Oberhausen Hbf,286,Oberhausen Hbf,286
Oberhausen,CITY,101,Oberhausen Hbf,286,Oberhausen-Holten,4540
Oberhausen,CITY,101,Oberhausen Hbf,286,Oberhausen-Osterf.S,4541
Oberhausen,CITY,101,Oberhausen Hbf,286,Oberhausen-Sterkrade,4542
Offenbach(Main),CITY,101,Offenbach(Main)Hbf,349,Offenbach(M)Kaiserl,4648
Offenbach(Main),CITY,101,Offenbach(Main)Hbf,349,Offenbach(M)Ledermu,4646
Offenbach(Main),CITY,101,Offenbach(Main)Hbf,349,Offenbach(M)Marktpl,4641
Offenbach(Main),CITY,101,Offenbach(Main)Hbf,349,Offenbach(Main)Hbf,349
Offenbach(Main),CITY,101,Offenbach(Main)Hbf,349,Offenbach(Main)Ost,4645
Offenbach(Main),CITY,101,Offenbach(Main)Hbf,349,Offenbach-Bieber,4647
Offenbach(Main),CITY,101,Offenbach(Main)Hbf,349,Offenbach-Waldhof,4640
Offenburg,CITY,101,Offenburg,290,Offenburg,290
Offenburg,CITY,101,Offenburg,290,Offenburg Krs.Schulz,4639
Öhringen,TARIF,1,Öhringen Hbf,4623,Öhringen-Cappel,4620
Öhringen,TARIF,1,Öhringen Hbf,4623,Öhringen Hbf,4623
Öhringen,TARIF,1,Öhringen Hbf,4623,Öhringen West,4624
Oldenburg(Oldb),CITY,101,Oldenburg(Oldb)Hbf,291,Oldenburg(Oldb)Hbf,291
Opladen,CITY,101,Opladen,853,Leverkusen-Manfort,3669
Opladen,CITY,101,Opladen,853,Opladen,853
Osnabrück,CITY,101,Osnabrück Hbf,294,Osnabrück Altstadt,4689
Osnabrück,CITY,101,Osnabrück Hbf,294,Osnabrück Hbf,294
Osnabrück,TARIF,31,Osnabrück Hbf,294,Osnabrück Altstadt,4689
Osnabrück,TARIF,31,Osnabrück Hbf,294,Osnabrück Hbf,294
Osterode am Harz,TARIF,31,Osterode a. H. Mitte,4704,Osterode a. H. Leege,4705
Osterode am Harz,TARIF,31,Osterode a. H. Mitte,4704,Osterode a. H. Mitte,4704
Paderborn,CITY,101,Paderborn Hbf,297,Paderborn Hbf,297
Paderborn,CITY,101,Paderborn Hbf,297,Paderborn Kassel.Tor,4744
Paderborn,CITY,101,Paderborn Hbf,297,Paderborn Nord,4745
Pasewalk,TARIF,31,Pasewalk,10268,Pasewalk,10268
Pasewalk,TARIF,31,Pasewalk,10268,Pasewalk Ost,12610
Passau,CITY,101,Passau Hbf,298,Passau Hbf,298
Pforzheim,CITY,101,Pforzheim Hbf,299,Brötzingen Mitte,4799
Pforzheim,CITY,101,Pforzheim Hbf,299,Eutingen(Baden),1942
Pforzheim,CITY,101,Pforzheim Hbf,299,Pforzheim Durl. Str.,4800
Pforzheim,CITY,101,Pforzheim Hbf,299,Pforzheim Hbf,299
Pforzheim,CITY,101,Pforzheim Hbf,299,Pforzheim Maihälden,4804
Pforzheim,CITY,101,Pforzheim Hbf,299,Pforzheim-Weißenst.,4801
Potsdam,CITY,101,Potsdam Hbf,12666,Potsdam-Babelsberg,11089
Potsdam,CITY,101,Potsdam Hbf,12666,Potsdam Charlottenh,10280
Potsdam,CITY,101,Potsdam Hbf,12666,Potsdam Griebnitzsee,11695
Potsdam,CITY,101,Potsdam Hbf,12666,Potsdam Hbf,12666
Potsdam,CITY,101,Potsdam Hbf,12666,Potsdam Park Sanss.,10377
Potsdam,CITY,101,Potsdam Hbf,12666,Potsdam Pirschheide,10279
Ravensburg,CITY,101,Ravensburg,4965,Niederbiegen,4362
Ravensburg,CITY,101,Ravensburg,4965,Oberzell,4605
Ravensburg,CITY,101,Ravensburg,4965,Ravensburg,4965
Ravensburg,CITY,101,Ravensburg,4965,Weingarten Berg,6288
Ravensburg,CITY,101,Ravensburg,4965,Weißenau,6296
Recklinghausen,CITY,101,Recklinghausen Hbf,307,Herten(Westf),2795
Recklinghausen,CITY,101,Recklinghausen Hbf,307,Herten(Westf)-Weste.,2796
Recklinghausen,CITY,101,Recklinghausen Hbf,307,Recklinghausen Hbf,307
Recklinghausen,CITY,101,Recklinghausen Hbf,307,Recklinghausen Süd,887
Regensburg,CITY,101,Regensburg Hbf,309,Obertraubling,4592
Regensburg,CITY,101,Regensburg Hbf,309,Regensburg-Burgwein.,1298
Regensburg,CITY,101,Regensburg Hbf,309,Regensburg Hbf,309
Regensburg,CITY,101,Regensburg Hbf,309,Regensburg-Prüfen.,4983
Regensburg,CITY,101,Regensburg Hbf,309,Sinzing,5581
Remscheid,CITY,101,Remscheid Hbf,5033,Remscheid-Güldenw.,5034
Remscheid,CITY,101,Remscheid Hbf,5033,Remscheid Hbf,5033
Remscheid,CITY,101,Remscheid Hbf,5033,Remscheid-Lennep,311
Remscheid,CITY,101,Remscheid Hbf,5033,Remscheid-Lüttringh,5035
Remscheid,TARIF,31,Remscheid Hbf,5033,Remscheid-Güldenw.,5034
Remscheid,TARIF,31,Remscheid Hbf,5033,Remscheid Hbf,5033
Reutlingen,CITY,101,Reutlingen Hbf,314,Reutlingen-Betzingen,5053
Reutlingen,CITY,101,Reutlingen Hbf,314,Reutlingen Hbf,314
Reutlingen,CITY,101,Reutlingen Hbf,314,Reutlingen-Sondelf.,5054
Reutlingen,CITY,101,Reutlingen Hbf,314,Reutlingen West,5052
Rheine,CITY,101,Rheine,316,Rheine,316
Rheine,CITY,101,Rheine,316,Rheine-Mesum,4000
Rheinzabern,TARIF,1,Rheinzabern Bf,5069,Rheinzabern Bf,5069
Rheinzabern,TARIF,1,Rheinzabern Bf,5069,Rheinzabern Rappeng,5071
Rheinzabern,TARIF,1,Rheinzabern Bf,5069,Rheinzabern Römerst,5072
Rostock,CITY,101,Rostock Hbf,10304,Rostock-Bramow,12803
Rostock,CITY,101,Rostock Hbf,10304,Rostock-Evershagen,11523
Rostock,CITY,101,Rostock Hbf,10304,Rostock Hbf,10304
Rostock,CITY,101,Rostock Hbf,10304,Rostock Holbeinplatz,12805
Rostock,CITY,101,Rostock Hbf,10304,Rostock-Kassebohm,12806
Rostock,CITY,101,Rostock Hbf,10304,Rostock-Lichtenhagen,12221
Rostock,CITY,101,Rostock Hbf,10304,Rostock-Lütten Kl.,12271
Rostock,CITY,101,Rostock Hbf,10304,Rostock-Marienehe,12807
Rostock,CITY,101,Rostock Hbf,10304,Rostock Parkstraße,12801
Rostock,CITY,101,Rostock Hbf,10304,Rostock Thierf.Str.,12810
Rostock,CITY,101,Rostock Hbf,10304,Warnemünde,13236
Rostock,CITY,101,Rostock Hbf,10304,Warnemünde Werft,13237
Rottweil,TARIF,1,Rottweil,322,Rottweil Göllsdorf,5200
Rottweil,TARIF,1,Rottweil,322,Rottweil Saline,5202
Rülzheim,TARIF,1,Rülzheim Bf,5217,Rülzheim Bf,5217
Rülzheim,TARIF,1,Rülzheim Bf,5217,Rülzheim Frz.Zentr.,5214
Rüsselsheim,TARIF,1,Rüsselsheim,5220,Rüsselsh. Opelwerk,5221
Saarbrücken,CITY,101,Saarbrücken Hbf,323,Burbach Mitte,1302
Saarbrücken,CITY,101,Saarbrücken Hbf,323,Dudweiler,1570
Saarbrücken,CITY,101,Saarbrücken Hbf,323,Jägersfreude,3108
Saarbrücken,CITY,101,Saarbrücken Hbf,323,Saarbrücken-Burbach,5243
Saarbrücken,CITY,101,Saarbrücken Hbf,323,Saarbrücken Hbf,323
Saarbrücken,CITY,101,Saarbrücken Hbf,323,Saarbrücken Ost,5241
Saarbrücken,CITY,101,Saarbrücken Hbf,323,Schafbrücke,5306
Saarbrücken,CITY,101,Saarbrücken Hbf,323,Scheidt(Saar),5332
Saarbrücken,TARIF,71,Saarbrücken Hbf,323,Burbach Mitte,1302
Saarbrücken,TARIF,71,Saarbrücken Hbf,323,Jägersfreude,3108
Saarbrücken,TARIF,71,Saarbrücken Hbf,323,Saarbrücken-Burbach,5243
Saarbrücken,TARIF,71,Saarbrücken Hbf,323,Saarbrücken Hbf,323
Saarbrücken,TARIF,71,Saarbrücken Hbf,323,Saarbrücken Ost,5241
Salzburg,TARIF,1,Salzburg Hbf,5263,Salzburg Aiglhof,5271
Salzburg,TARIF,1,Salzburg Hbf,5263,Salzburg Hbf,5263
Salzburg,TARIF,1,Salzburg Hbf,5263,Salzburg-Liefering,5267
Salzburg,TARIF,1,Salzburg Hbf,5263,Salzburg Mülln-Alt.,5273
Salzburg,TARIF,1,Salzburg Hbf,5263,Salzburg-Taxham Euro,5266
Salzg.-Lebenst.,CITY,101,Salzgitter-Lebenstdt,5270,Salzgitter-Immendorf,5269
Salzg.-Lebenst.,CITY,101,Salzgitter-Lebenstdt,5270,Salzgitter-Lebenstdt,5270
Salzg.-Lebenst.,CITY,101,Salzgitter-Lebenstdt,5270,Salzgitter-Thiede,5274
Salzg.-Lebenst.,CITY,101,Salzgitter-Lebenstdt,5270,Salzgitter-Watenst.,5275
Salzg.-Ringelh.,CITY,101,Salzgitter-Ringelh.,325,Salzgitter-Bad,5265
Salzg.-Ringelh.,CITY,101,Salzgitter-Ringelh.,325,Salzgitter-Ringelh.,325
Schiltach,TARIF,1,Schiltach,5350,Schiltach,5350
Schiltach,TARIF,1,Schiltach,5350,Schiltach Mitte,5347
Schmalkalden,TARIF,31,Schmalkalden,10315,Schmalkalden,10315
Schmalkalden,TARIF,31,Schmalkalden,10315,Schmalkalden-Fachhs.,12881
Schwäbisch Gmünd,CITY,101,Schwäbisch Gmünd,329,Schwäbisch Gmünd,329
Schwenningen(Neckar),TARIF,1,Schwenningen(Neckar),5490,Schwenningen(Neckar),5490
Schwenningen(Neckar),TARIF,1,Schwenningen(Neckar),5490,Villingen-SchwennEis,356
Schwenningen(Neckar),TARIF,1,Schwenningen(Neckar),5490,Villingen-SchwennHam,393
Schwenningen(Neckar),TARIF,1,Schwenningen(Neckar),5490,Zollhaus(VS),6667
Schwerin,CITY,101,Schwerin Hbf,10324,Schwerin-Görries,10325
Schwerin,CITY,101,Schwerin Hbf,10324,Schwerin Hbf,10324
Schwerin,CITY,101,Schwerin Hbf,10324,Schwerin Mitte,12940
Schwerin,CITY,101,Schwerin Hbf,10324,Schwerin Süd,12951
Schwerin,TARIF,71,Schwerin Hbf,10324,Schwerin-Görries,10325
Schwerin,TARIF,71,Schwerin Hbf,10324,Schwerin Hbf,10324
Schwerin,TARIF,71,Schwerin Hbf,10324,Schwerin Mitte,12940
Schwerin,TARIF,71,Schwerin Hbf,10324,Schwerin Süd,12951
Siegen,CITY,101,Siegen Hbf,46,Eiserfeld(Sieg),1729
Siegen,CITY,101,Siegen Hbf,46,Niederschelden,4406
Siegen,CITY,101,Siegen Hbf,46,Niederschelden Nord,4407
Siegen,CITY,101,Siegen Hbf,46,Siegen-Geisweid,3018
Siegen,CITY,101,Siegen Hbf,46,Siegen Hbf,46
Siegen,CITY,101,Siegen Hbf,46,Siegen-Weidenau,3020
Siegen,TARIF,71,Siegen Hbf,46,Siegen Hbf,46
Siegen,TARIF,71,Siegen Hbf,46,Siegen-Weidenau,3020
Solingen,CITY,101,Solingen Hbf,87,Solingen Grünewald,5597
Solingen,CITY,101,Solingen Hbf,87,Solingen Hbf,87
Solingen,CITY,101,Solingen Hbf,87,Solingen Mitte,5598
Solingen,CITY,101,Solingen Hbf,87,Solingen-Schaberg,5590
Solingen,CITY,101,Solingen Hbf,87,Solingen Vogelpark,6714
Sondershausen,TARIF,31,Sondershausen,10329,Sondershausen,10329
Sonneberg(Thür),TARIF,71,Sonneberg(Thür)Hbf,13008,Sonneberg(Thür)Hbf,13008
Sonneberg(Thür),TARIF,71,Sonneberg(Thür)Hbf,13008,Sonneberg(Thür)Nord,13009
Sonneberg(Thür),TARIF,71,Sonneberg(Thür)Hbf,13008,Sonneberg(Thür)Ost,13010
Sonneberg(Thür),TARIF,71,Sonneberg(Thür)Hbf,13008,Sonneberg(Thür)West,13011
Spaichingen,TARIF,1,Spaichingen,5616,Spaichingen Mitte,5617
Speyer,CITY,101,Speyer Hbf,5628,Speyer Hbf,5628
Speyer,CITY,101,Speyer Hbf,5628,Speyer Nord-West,5626
Stuttgart,CITY,101,Stuttgart Hbf,96,Fellbach,1974
Stuttgart,CITY,101,Stuttgart Hbf,96,Korntal,3409
Stuttgart,CITY,101,Stuttgart Hbf,96,Neuwirtshaus(Por.pl),4338
Stuttgart,CITY,101,Stuttgart Hbf,96,Stuttgart-Bad Cannst,5769
Stuttgart,CITY,101,Stuttgart Hbf,96,Stuttgart Ebitzweg,5766
Stuttgart,CITY,101,Stuttgart Hbf,96,Stuttgart-Feuerbach,5770
Stuttgart,CITY,101,Stuttgart Hbf,96,Stuttgart Feuersee,6699
Stuttgart,CITY,101,Stuttgart Hbf,96,Stuttgart Hbf,96
Stuttgart,CITY,101,Stuttgart Hbf,96,Stuttgart-Münster,5771
Stuttgart,CITY,101,Stuttgart Hbf,96,Stuttgart Neckarpark,6743
Stuttgart,CITY,101,Stuttgart Hbf,96,Stuttgart Nord,5767
Stuttgart,CITY,101,Stuttgart Hbf,96,Stuttgart Nürn.Str.,4357
Stuttgart,CITY,101,Stuttgart Hbf,96,Stuttgart-Obertürkh,5772
Stuttgart,CITY,101,Stuttgart Hbf,96,Stuttgart-Österfeld,5779
Stuttgart,CITY,101,Stuttgart Hbf,96,Stuttgart-Rohr,5773
Stuttgart,CITY,101,Stuttgart Hbf,96,Stuttgart Schwabstr.,6698
Stuttgart,CITY,101,Stuttgart Hbf,96,Stuttgart-Sommerrain,5774
Stuttgart,CITY,101,Stuttgart Hbf,96,Stuttgart Stadtmitte,6700
Stuttgart,CITY,101,Stuttgart Hbf,96,Stuttgart Uni,6513
Stuttgart,CITY,101,Stuttgart Hbf,96,Stuttgart-Untertürk,5775
Stuttgart,CITY,101,Stuttgart Hbf,96,Stuttgart-Vaihingen,5776
Stuttgart,CITY,101,Stuttgart Hbf,96,Stuttgart-Zazenh.,5777
Stuttgart,CITY,101,Stuttgart Hbf,96,Stuttgart-Zuffenh.,5778
Stuttgart,CITY,101,Stuttgart Hbf,96,Weilimdorf,6268
Stuttgart,TARIF,71,Stuttgart Hbf,96,Stuttgart-Bad Cannst,5769
Stuttgart,TARIF,71,Stuttgart Hbf,96,Stuttgart-Feuerbach,5770
Stuttgart,TARIF,71,Stuttgart Hbf,96,Stuttgart Feuersee,6699
Stuttgart,TARIF,71,Stuttgart Hbf,96,Stuttgart Hbf,96
Stuttgart,TARIF,71,Stuttgart Hbf,96,Stuttgart Neckarpark,6743
Stuttgart,TARIF,71,Stuttgart Hbf,96,Stuttgart Nord,5767
Stuttgart,TARIF,71,Stuttgart Hbf,96,Stuttgart Nürn.Str.,4357
Stuttgart,TARIF,71,Stuttgart Hbf,96,Stuttgart Schwabstr.,6698
Stuttgart,TARIF,71,Stuttgart Hbf,96,Stuttgart Stadtmitte,6700
Stuttgart,TARIF,71,Stuttgart Hbf,96,Stuttgart-Untertürk,5775
Stuttgart,TARIF,71,Stuttgart Hbf,96,Stuttgart-Zuffenh.,5778
Sülzbach,TARIF,1,Sülzbach,5786,Sülzbach,5786
Sülzbach,TARIF,1,Sülzbach,5786,Sülzbach Schule,5792
Tauberbischofsheim,TARIF,51,Tauberbischofsheim,5827,Distelhausen,1472
Tauberbischofsheim,TARIF,51,Tauberbischofsheim,5827,Dittigheim,1474
Tauberbischofsheim,TARIF,51,Tauberbischofsheim,5827,Hochhausen(Tauber),2871
Tauberbischofsheim,TARIF,51,Tauberbischofsheim,5827,Tauberbischofsheim,5827
Traunreut,TARIF,1,Hörpolding,2914,Hörpolding,2914
Traunreut,TARIF,1,Hörpolding,2914,Traunreut,5894
Trier,CITY,101,Trier Hbf,134,Ehrang Ort,1688
Trier,CITY,101,Trier Hbf,134,Pfalzel,4784
Trier,CITY,101,Trier Hbf,134,Quint,4910
Trier,CITY,101,Trier Hbf,134,Trier Hafenstraße,5904
Trier,CITY,101,Trier Hbf,134,Trier Hbf,134
Trier,CITY,101,Trier Hbf,134,Trier-Pallien,4752
Trier,CITY,101,Trier Hbf,134,Trier Süd,5905
Trier,CITY,101,Trier Hbf,134,Trier West,5906
Tübingen,CITY,101,Tübingen Hbf,141,Tübingen-Derending.,5917
Tübingen,CITY,101,Tübingen Hbf,141,Tübingen Hbf,141
Tübingen,CITY,101,Tübingen Hbf,141,Tübingen-Lustnau,5918
Tübingen,CITY,101,Tübingen Hbf,141,Tübingen West,5916
Tübingen,CITY,101,Tübingen Hbf,141,Unterjesingen Mitte,6002
Tübingen,CITY,101,Tübingen Hbf,141,Unterjesingen Sand.,6003
Tuttlingen,TARIF,1,Tuttlingen,163,Tuttlingen Gänsäck,5946
Tuttlingen,TARIF,1,Tuttlingen,163,Tuttlingen Nord,5926
Tuttlingen,TARIF,1,Tuttlingen,163,Tuttlingen Schulen,5925
Tuttlingen,TARIF,1,Tuttlingen,163,Tuttlingen Zentrum,5936
Ueckermünde,TARIF,1,Ueckermünde,13162,Ueckermünde Stadthf,13156
Ulm,CITY,101,Ulm Hbf,170,Finningerstraße,1985
Ulm,CITY,101,Ulm Hbf,170,Gerlenhofen,2244
Ulm,CITY,101,Ulm Hbf,170,Neu-Ulm,6730
Ulm,CITY,101,Ulm Hbf,170,Ulm-Donautal,5954
Ulm,CITY,101,Ulm Hbf,170,Ulm Hbf,170
Ulm,CITY,101,Ulm Hbf,170,Ulm Ost,5952
Ulm,CITY,101,Ulm Hbf,170,Ulm-Söflingen,5955
Ulm,TARIF,71,Ulm Hbf,170,Ulm-Donautal,5954
Ulm,TARIF,71,Ulm Hbf,170,Ulm Hbf,170
Ulm,TARIF,71,Ulm Hbf,170,Ulm Ost,5952
Ulm,TARIF,71,Ulm Hbf,170,Ulm-Söflingen,5955
Villingen,TARIF,1,Villingen(Schwarzw),366,Marbach Ost(VS),3857
Villingen,TARIF,1,Villingen(Schwarzw),366,Marbach West(VS),3854
Villingen,TARIF,1,Villingen(Schwarzw),366,Villingen(Schwarzw),366
Walldürn,TARIF,51,Walldürn,6176,Rippberg,5105
Walldürn,TARIF,51,Walldürn,6176,Walldürn,6176
Wanne-Eickel,CITY,101,Wanne-Eickel Hbf,192,Wanne-Eickel Hbf,192
Weida,TARIF,31,Weida,10365,Weida,10365
Weida,TARIF,31,Weida,10365,Weida Altstadt,13254
Weida,TARIF,31,Weida,10365,Weida Mitte,13251
Weikersheim,TARIF,51,Weikersheim,6269,Elpersheim,1754
Weikersheim,TARIF,51,Weikersheim,6269,Laudenbach(Württ),3572
Weikersheim,TARIF,51,Weikersheim,6269,Weikersheim,6269
Weimar,CITY,101,Weimar,10366,Holzdorf(b Weimar),11910
Weimar,CITY,101,Weimar,10366,Legefeld,12180
Weimar,CITY,101,Weimar,10366,Nohra(Weimar),12511
Weimar,CITY,101,Weimar,10366,Obergrunstedt,12524
Weimar,CITY,101,Weimar,10366,Oberweimar,12541
Weimar,CITY,101,Weimar,10366,Weimar,10366
Weimar,CITY,101,Weimar,10366,Weimar Berkaer Bf,13256
Weimar,CITY,101,Weimar,10366,Weimar West,13266
Weinsberg,TARIF,1,Weinsberg,6289,Weinsberg,6289
Weinsberg,TARIF,1,Weinsberg,6289,Weinsberg West,6290
Wertheim,TARIF,51,Wertheim,231,Kloster Bronnbach,1193
Wertheim,TARIF,51,Wertheim,231,Reicholzheim,5011
Wertheim,TARIF,51,Wertheim,231,Wertheim,231
Wertheim,TARIF,51,Wertheim,231,Wertheim-Bestenheid,6354
Wiesbaden,CITY,101,Wiesbaden Hbf,250,Auringen-Medenbach,671
Wiesbaden,CITY,101,Wiesbaden Hbf,250,Hochheim(Main),2872
Wiesbaden,CITY,101,Wiesbaden Hbf,250,Mainz-Kastel,615
Wiesbaden,CITY,101,Wiesbaden Hbf,250,Wiesbaden-Biebrich,288
Wiesbaden,CITY,101,Wiesbaden Hbf,250,Wiesbaden-Erbenheim,6407
Wiesbaden,CITY,101,Wiesbaden Hbf,250,Wiesbaden Hbf,250
Wiesbaden,CITY,101,Wiesbaden Hbf,250,Wiesbaden-Igstadt,6408
Wiesbaden,CITY,101,Wiesbaden Hbf,250,Wiesbaden Ost,6404
Wiesbaden,CITY,101,Wiesbaden Hbf,250,Wiesbaden-Schierst.,6409
Wiesbaden,TARIF,71,Wiesbaden Hbf,250,Wiesbaden-Erbenheim,6407
Wiesbaden,TARIF,71,Wiesbaden Hbf,250,Wiesbaden Hbf,250
Wiesbaden,TARIF,71,Wiesbaden Hbf,250,Wiesbaden Ost,6404
Wilhelmshaven,CITY,101,Wilhelmshaven,6445,Wilhelmshaven,6445
Witten Hbf,CITY,101,Witten Hbf,251,Witten-Annen Nord,6510
Witten Hbf,CITY,101,Witten Hbf,251,Witten Hbf,251
Wolfsburg,CITY,101,Wolfsburg Hbf,6552,Fallersleben,1957
Wolfsburg,CITY,101,Wolfsburg Hbf,6552,Wolfsburg Hbf,6552
Worms,CITY,101,Worms Hbf,257,Worms Hbf,257
Worms,CITY,101,Worms Hbf,257,Worms-Pfeddersheim,4788
Wörth(Rhein),TARIF,1,Wörth(Rhein),254,Wörth(Rh.)Zügelstr,6531
Wörth(Rhein),TARIF,1,Wörth(Rhein),254,Wörth(Rhein),254
Wörth(Rhein),TARIF,1,Wörth(Rhein),254,Wörth(Rhein) Badepa,6530
Wörth(Rhein),TARIF,1,Wörth(Rhein),254,Wörth(Rhein) Bahnm,6521
Wörth(Rhein),TARIF,1,Wörth(Rhein),254,Wörth(Rhein) Bdalle,6526
Wörth(Rhein),TARIF,1,Wörth(Rhein),254,Wörth(Rhein) Bienw,6522
Wörth(Rhein),TARIF,1,Wörth(Rhein),254,Wörth(Rhein) Bürg,6523
Wörth(Rhein),TARIF,1,Wörth(Rhein),254,Wörth(Rhein) Mozart,6536
Wörth(Rhein),TARIF,1,Wörth(Rhein),254,Wörth(Rhein) Raths,6525
Wuppertal,CITY,101,Wuppertal Hbf,266,Wuppertal-Barmen,6596
Wuppertal,CITY,101,Wuppertal Hbf,266,Wuppertal-Ha/Düssel,6601
Wuppertal,CITY,101,Wuppertal Hbf,266,Wuppertal Hbf,266
Wuppertal,CITY,101,Wuppertal Hbf,266,Wuppertal-Langerfeld,6607
Wuppertal,CITY,101,Wuppertal Hbf,266,Wuppertal-Oberbarmen,6719
Wuppertal,CITY,101,Wuppertal Hbf,266,Wuppertal-Ronsdorf,6616
Wuppertal,CITY,101,Wuppertal Hbf,266,Wuppertal-Sonnborn,6618
Wuppertal,CITY,101,Wuppertal Hbf,266,Wuppertal-Steinbeck,6619
Wuppertal,CITY,101,Wuppertal Hbf,266,Wuppertal-Unterbarm.,6620
Wuppertal,CITY,101,Wuppertal Hbf,266,Wuppertal-Vohwinkel,6718
Wuppertal,CITY,101,Wuppertal Hbf,266,Wuppertal-Zool.Gart.,6623
Wuppertal,TARIF,51,Wuppertal Hbf,266,Wuppertal-Barmen,6596
Wuppertal,TARIF,51,Wuppertal Hbf,266,Wuppertal-Ha/Düssel,6601
Wuppertal,TARIF,51,Wuppertal Hbf,266,Wuppertal Hbf,266
Wuppertal,TARIF,51,Wuppertal Hbf,266,Wuppertal-Langerfeld,6607
Wuppertal,TARIF,51,Wuppertal Hbf,266,Wuppertal-Oberbarmen,6719
Wuppertal,TARIF,51,Wuppertal Hbf,266,Wuppertal-Sonnborn,6618
Wuppertal,TARIF,51,Wuppertal Hbf,266,Wuppertal-Steinbeck,6619
Wuppertal,TARIF,51,Wuppertal Hbf,266,Wuppertal-Unterbarm.,6620
Wuppertal,TARIF,51,Wuppertal Hbf,266,Wuppertal-Vohwinkel,6718
Wuppertal,TARIF,51,Wuppertal Hbf,266,Wuppertal-Zool.Gart.,6623
Wurmlingen,TARIF,1,Wurmlingen Mitte,6625,Wurmlingen Mitte,6625
Wurmlingen,TARIF,1,Wurmlingen Mitte,6625,Wurmlingen Nord,6626
Würzburg,CITY,101,Würzburg Hbf,260,Würzburg Hbf,260
Würzburg,CITY,101,Würzburg Hbf,260,Würzburg Süd,6582
Würzburg,CITY,101,Würzburg Hbf,260,Würzburg-Zell,6586
Zella-Mehlis,TARIF,31,Zella-Mehlis,10391,Zella-Mehlis,10391
Zella-Mehlis,TARIF,31,Zella-Mehlis,10391,Zella-Mehlis West,13383
Zwickau(Sachs),CITY,101,Zwickau(Sachs)Hbf,10397,Cainsdorf,11305
Zwickau(Sachs),CITY,101,Zwickau(Sachs)Hbf,10397,Ebersbrunn,11446
Zwickau(Sachs),CITY,101,Zwickau(Sachs)Hbf,10397,Lichtentanne(Sachs),12224
Zwickau(Sachs),CITY,101,Zwickau(Sachs)Hbf,10397,Mosel,12388
Zwickau(Sachs),CITY,101,Zwickau(Sachs)Hbf,10397,Oberrothenbach,12534
Zwickau(Sachs),CITY,101,Zwickau(Sachs)Hbf,10397,Silberstraße,12996
Zwickau(Sachs),CITY,101,Zwickau(Sachs)Hbf,10397,Stenn,13047
Zwickau(Sachs),CITY,101,Zwickau(Sachs)Hbf,10397,Wilkau-Haßlau,10379
Zwickau(Sachs),CITY,101,Zwickau(Sachs)Hbf,10397,Zwickau(Sachs)Hbf,10397
Zwickau(Sachs),CITY,101,Zwickau(Sachs)Hbf,10397,Zwickau-Pölbitz,13433
Zwickau(Sachs),CITY,101,Zwickau(Sachs)Hbf,10397,Zwickau-Schedewitz,13434
Zwickau(Sachs),CITY,101,Zwickau(Sachs)Hbf,10397,Zwickau Stadthalle,13441
Zwickau(Sachs),CITY,101,Zwickau(Sachs)Hbf,10397,Zwickau Zentrum,13440
